Columbia,NY,2630069000,0.73
Pulaski,KY,2329999000,1.25
Rhea,TN,1902669000,3.01
Cuyahoga,OH,104356340000,0.86
Marathon,WI,8736047000,1.46
Leflore,MS,1152844000,-0.14
Oconee,GA,1824213000,4.42
Madison,AL,30905624000,3.53
Okaloosa,FL,14531174000,2.64
Ingham,MI,18899392000,0.63
Norton,KS,310436000,1.77
Webster,KY,361871000,-2.39
Webster,LA,1132725000,-1.5
Ottawa,KS,134837000,0.48
Hyde,SD,128025000,4.34
Creek,OK,2153096000,1.82
Adams,PA,3731401000,1.15
Pulaski,MO,2335292000,1.56
Kearney,NE,412674000,2.69
Adams,OH,754484000,-2.86
San Juan,CO,43441000,1.02
Litchfield,CT,9068950000,0.3
Webster,IA,2115534000,-0.18
Jeff Davis,TX,78615000,0.45
La Salle,TX,3137796000,15.24
Gentry,MO,217487000,1.24
Orange,CA,273063592000,2.0
Catawba,NC,9276616000,0.55
Bullitt,KY,2663712000,4.06
Tuolumne,CA,2610180000,1.36
Echols,GA,41798000,-1.06
Chester,TN,400490000,1.07
Iron,WI,167183000,-1.0
Adams,ND,91021000,0.53
Adams,NE,2113723000,2.07
Columbia,PA,2504514000,0.77
Hernando,FL,5319978000,2.82
Dade,MO,196059000,1.7
Ware,GA,1383699000,0.39
Ottawa,MI,16152381000,1.55
Rush,KS,153710000,1.13
Adams,MS,958252000,-0.3
Brevard,FL,32780628000,3.09
Rio Arriba,NM,1027897000,-1.67
Columbia,OR,1558066000,1.17
Washington + Bristol,VA,3448289000,1.07
Hardin,TN,974495000,1.36
Laurens,GA,1967870000,0.73
Lebanon,PA,6209212000,1.84
Hughes,OK,688541000,6.21
Chester,SC,1204948000,0.94
Northampton,NC,495724000,-0.56
Benewah,ID,377449000,1.34
Alachua,FL,16176855000,2.12
Jasper,GA,301042000,0.59
Macon,TN,577169000,2.19
Jones,IA,673402000,1.05
Rush,IN,663526000,1.0
Mills,IA,512229000,1.39
Inyo,CA,1141849000,0.73
Coke,TX,217130000,2.78
Le Flore,OK,1386875000,1.08
Pulaski,IN,709451000,2.41
Perkins,SD,129277000,0.01
Pulaski,IL,151032000,-0.61
Leavenworth,KS,3046021000,1.72
Medina,TX,1231255000,2.6
Montcalm,MI,1684145000,0.02
Hyde,NC,168469000,-0.78
Webster,MO,879885000,1.9
Fulton,AR,190114000,0.78
Orange,FL,121343736000,3.03
San Joaquin,CA,33097405000,1.79
Sedgwick,KS,32926595000,1.23
Manitowoc,WI,4060330000,0.63
Jo Daviess,IL,825237000,0.58
Northampton,PA,16625280000,2.55
Taylor,GA,222954000,0.35
Webster,MS,218842000,0.56
Winston,MS,498271000,0.86
Winnebago,WI,11004211000,1.12
Pulaski,GA,267523000,0.0
Webster,NE,322433000,4.88
Davis,UT,17748951000,3.17
Garvin,OK,1836216000,3.88
Jones,GA,436903000,1.15
Dickey,ND,422126000,4.09
Chester,PA,48614126000,2.34
Adams,ID,138816000,2.46
Hardin,TX,1390239000,1.16
East Carroll,LA,124236000,-1.03
Adams,IA,215688000,1.75
Monterey,CA,28980213000,1.31
Adams,IN,1780675000,1.86
Taylor,FL,739282000,0.5
Adams,IL,3564837000,1.17
Doniphan,KS,247113000,0.13
Skagway Municipality,AK,80430000,0.22
Columbia,FL,2604298000,1.81
Henry,AL,485965000,1.37
Madison,IL,11236150000,0.36
Tom Green,TX,6779617000,2.23
Wharton,TX,2136467000,0.28
Jones,NC,209873000,-0.19
Swisher,TX,522307000,3.1
Vinton,OH,442589000,2.85
Ford,KS,2405288000,3.2
Laurens,SC,2264447000,1.87
Madison,IN,4131600000,0.17
Giles,VA,709814000,-0.15
Kootenai,ID,8343499000,3.54
Barren,KY,1393900000,0.39
Taylor,IA,281085000,3.01
Madison,ID,1550948000,3.32
Teton,ID,491722000,5.25
Madison,IA,506735000,2.21
Perkins,NE,308570000,3.42
Erie,NY,62943074000,1.46
Yukon-Koyukuk Census Area,AK,293143000,-2.08
San Bernardino,CA,102307449000,2.43
Starr,TX,1295181000,-1.97
Dickinson,KS,665664000,0.88
Erie,OH,4255477000,-0.93
Seneca,OH,2054137000,0.5
Jones,MS,2958184000,1.35
Seneca,NY,1539323000,1.88
Giles,TN,1262822000,1.81
Taylor,KY,853935000,1.56
Ford,IL,828588000,2.43
Sac,IA,581965000,2.61
Barbour,AL,715994000,-0.74
Colusa,CA,1609218000,2.52
Erie,PA,11425284000,0.11
Madison,GA,606226000,1.68
Albemarle + Charlottesville,VA,13569150000,2.54
Jasper,IL,471934000,-0.48
East Baton Rouge,LA,35303037000,1.86
Fond du Lac,WI,5021945000,1.09
Jasper,IA,1174834000,-0.86
Orange,IN,675715000,1.35
Madison,FL,532368000,1.2
Winston,AL,787107000,0.44
San Juan,NM,5389548000,-0.66
Fulton,GA,198475810000,2.67
Kenosha,WI,7833266000,1.76
Macon,IL,7017642000,0.69
Crittenden,AR,1757118000,0.48
George,MS,510548000,2.25
Columbia,GA,4681187000,3.41
Dickinson,IA,1105415000,1.86
Toombs,GA,1029663000,1.32
Jasper,IN,1438667000,0.56
LaSalle,LA,485221000,0.49
Hemphill,TX,403534000,-1.5
Weakley,TN,1110984000,0.51
Idaho,ID,467030000,1.04
Webster,GA,66432000,1.18
Oconee,SC,4024526000,1.78
Ada,ID,35113870000,3.69
Searcy,AR,190332000,1.46
Jersey,IL,522212000,0.62
Medina,OH,7850418000,1.66
Natchitoches,LA,1487520000,1.6
Goochland,VA,3108922000,3.73
Craven,NC,5189264000,0.94
Northampton,VA,487659000,0.1
Adams,CO,32332614000,3.4
Columbia,AR,1052780000,1.56
Wrangell-Petersburg Census Area,AK,-1,-2.72
Ashtabula,OH,3301448000,0.53
Hunt,TX,5173197000,4.02
Fulton,IL,859833000,0.12
Penobscot,ME,7231746000,0.72
Fulton,IN,716930000,0.9
Henrico,VA,29493660000,2.0
Sedgwick,CO,90667000,-0.1
Orange,NY,20713168000,1.77
Mesa,CO,7367394000,2.0
Rusk,WI,514171000,0.8
Caldwell,KY,419651000,0.77
Val Verde,TX,1902952000,1.11
Wasatch,UT,1411532000,4.91
Rockingham,NH,25975284000,2.54
Caldwell,LA,187609000,-0.53
Allegan,MI,5103112000,1.34
Rockingham,NC,2826221000,-0.72
Jasper,MO,5489065000,0.6
Cameron,TX,12543033000,1.9
Macon,NC,1779085000,2.83
Madison,AR,434964000,2.44
Berrien,MI,7361870000,0.4
Macon,MO,613023000,1.34
Jasper,MS,470877000,1.62
Nobles,MN,1284714000,1.73
Orange,NC,10198377000,2.15
Dubuque,IA,7014874000,2.64
Pendleton,WV,154947000,-1.73
Henry,IN,1536053000,1.03
Jasper,TX,1047339000,0.14
Henry,IL,1560040000,0.99
San Juan,UT,554674000,1.49
Crane,TX,953582000,1.16
Henry,IA,899720000,0.63
Lipscomb,TX,516972000,3.2
Grant,IN,2526146000,0.6
Kingsbury,SD,306528000,1.72
Fairbanks North Star Borough,AK,5595570000,-0.44
Winnebago,IA,481408000,1.4
Roanoke (Independent City),VA,7806615000,0.44
Pembina,ND,488956000,0.53
Grainger,TN,515460000,2.34
Winnebago,IL,14026051000,0.39
Dixie,FL,307380000,1.44
Berrien,GA,451070000,0.3
Rusk,TX,2415681000,-0.07
Sitka City and Borough,AK,545349000,0.88
Kosciusko,IN,6390847000,2.1
Marshall,TN,1341536000,1.72
Banner,NE,39459000,4.14
Chilton,AL,1215493000,2.4
Jasper,SC,1629861000,6.1
Henry,GA,8316003000,3.49
Madison,OH,2168679000,2.86
Jones,TX,486136000,-0.33
Sangamon,IL,11807838000,0.51
Richmond,NY,17638277000,1.27
Woodford,KY,1154397000,0.49
Pickens,AL,414576000,0.55
Menominee,WI,172461000,0.56
Hardin,IA,933199000,0.68
San Juan,WA,958138000,2.01
Jones,SD,49429000,0.61
Washtenaw,MI,27760301000,1.39
Hardin,IL,100553000,-0.35
Silver Bow,MT,1645474000,1.52
Vermont,$ thousands,35236566000,1.3
Madison,NY,2430639000,0.74
Cameron,PA,222691000,0.22
Richmond,NC,1905624000,1.1
Prince of Wales-Outer Ketchikan Census Area,AK,-1,0.69
Woods,OK,634651000,6.15
Madison,NC,442034000,0.31
Madison,NE,2455983000,1.55
Marshall,SD,299096000,3.81
Madison,MO,280456000,1.16
Coffey,KS,717940000,0.51
Teton,MT,293022000,2.89
Woodford,IL,1248514000,1.24
Henry,MO,795071000,0.24
Madison,MS,7803969000,4.55
Orange,TX,4084085000,1.29
Fremont,CO,1557426000,0.64
Kenai Peninsula Borough,AK,2679059000,0.28
Madison,MT,546777000,4.36
Real,TX,80492000,1.66
Iron,MO,357416000,-0.14
Billings,ND,134560000,6.65
Iron,MI,327128000,-0.33
Richmond (Independent City),VA,27367900000,0.95
Herkimer,NY,1715790000,-0.32
Milwaukee,WI,61455546000,0.59
LaSalle,IL,5896416000,0.55
Yakima,WA,10394964000,1.69
Hardy,WV,766892000,2.45
James City + Williamsburg,VA,6084098000,2.08
Madison,KY,3358458000,2.18
Live Oak,TX,1925832000,5.58
Clermont,OH,7790678000,1.17
Bullock,AL,267926000,0.24
Madison,LA,345978000,0.13
Augusta,Staunton + Waynesboro,5337071000,0.43
Loup,NE,36037000,7.2
Barrow,GA,2772259000,3.64
Allegany,MD,2686150000,-0.38
Gregory,SD,187122000,1.06
Frederick + Winchester,VA,7453213000,1.94
Stephens,OK,2416745000,3.13
Benson,ND,277630000,2.78
Limestone,TX,1466241000,0.58
Nueces,TX,20228929000,0.99
Oneida,WI,1802995000,0.77
Chickasaw,IA,806330000,3.32
Greer,OK,105825000,-1.0
Briscoe,TX,110849000,2.85
Carson,TX,1001397000,0.8
Yazoo,MS,763175000,0.37
McDuffie,GA,705983000,0.57
Noxubee,MS,251454000,-0.53
Orange,VA,1136757000,2.36
Cattaraugus,NY,2824181000,0.02
McCulloch,TX,366199000,1.98
Kit Carson,CO,551067000,2.21
Marshall,WV,2821698000,2.54
Orange,VT,844815000,0.6
Cameron,LA,733161000,-3.43
Henry,KY,343437000,0.81
Bonner,ID,1889687000,2.4
Adams,WA,725966000,1.89
Columbia,WA,348996000,1.61
Hughes,SD,1241140000,1.47
Adams,WI,607796000,0.8
Columbia,WI,2920752000,1.42
Elbert,GA,669673000,0.18
Marion,IA,2189021000,1.88
Presque Isle,MI,377642000,0.15
Allegany,NY,1431876000,0.44
Baylor,TX,173861000,2.39
Elkhart,IN,18282076000,3.52
Grant,AR,457951000,1.94
Hardin,OH,1006758000,0.72
Monongalia,WV,7392502000,2.48
Finney,KS,2310012000,1.78
Pulaski,AR,31618885000,1.37
Marion,FL,12616744000,2.54
Maury,TN,5380793000,2.62
Henry,OH,1243105000,-1.54
Buncombe,NC,16035112000,2.4
Teton,WY,3695069000,3.52
Kingfisher,OK,2945349000,8.58
Marion,GA,109737000,-2.84
Chowan,NC,565377000,0.47
Marlboro,SC,700936000,0.29
Autauga,AL,1945909000,2.76
Fremont,IA,328808000,0.84
Fremont,ID,436888000,2.41
Montrose,CO,1810292000,1.68
Elbert,CO,746846000,2.83
Davis,IA,291449000,2.0
Hall,GA,13196711000,2.97
Grundy,TN,241966000,1.0
Uintah,UT,2139540000,2.64
Trimble,KY,520857000,5.25
Palm Beach,FL,106719346000,2.62
Wyoming,$ thousands,40210781000,1.51
Elmore,ID,1402089000,1.91
Richmond,VA,284016000,-0.04
Eaton,MI,6091867000,2.81
Hall,NE,3988044000,2.17
Pacific,WA,794816000,1.68
Madison,VA,378854000,0.62
Piatt,IL,519338000,1.21
Bailey,TX,442887000,1.66
Hardin,KY,5739094000,1.66
Iron,UT,2363564000,3.51
Jeff Davis,GA,481741000,1.11
San Saba,TX,160287000,0.42
Madison,TX,563256000,3.84
San Augustine,TX,728045000,10.17
Bernalillo,NM,41812954000,1.54
Overton,TN,589862000,2.13
Pottawatomie,KS,1191831000,-0.22
Madison,TN,6482390000,1.29
Tyrrell,NC,107308000,-0.34
Palo Pinto,TX,1044056000,1.43
Lake of the Woods,MN,190748000,1.87
Stephens,GA,962013000,0.45
Ozark,MO,150006000,0.19
Oneida,NY,11543357000,0.93
Navajo,AZ,2934657000,0.07
Davidson,TN,87529092000,2.98
Wakulla,FL,872371000,1.68
Marion,AL,976241000,0.83
Cullman,AL,3089606000,1.56
Pender,NC,1857888000,3.81
Roseau,MN,1288795000,2.93
Bear Lake,ID,207235000,2.11
Henry,TN,1341486000,1.7
McMullen,TX,1544293000,10.05
Tate,MS,576604000,0.58
Harford,MD,13702502000,2.37
Marion,AR,637470000,3.96
Cerro Gordo,IA,2771827000,1.38
Lander,NV,725875000,1.28
Tallahatchie,MS,310903000,1.11
Russell,VA,693633000,-1.29
Tuscola,MI,1437917000,0.36
Corson,SD,87572000,0.22
Collingsworth,TX,86573000,-1.08
Kent,MD,970030000,0.51
Kent,MI,46488276000,1.7
Brown,SD,2430428000,2.02
Polk,WI,1600424000,1.15
Ocean,NJ,24123172000,1.57
Sullivan,NH,1585384000,0.53
Anderson,KS,387165000,3.74
Pickens,SC,4483099000,1.99
Union,PA,1915107000,0.97
Barber,KS,202673000,1.53
Anderson,KY,587853000,1.52
Boyle,KY,1326937000,0.14
Union,OR,1046407000,1.32
Fayette,OH,1619957000,2.54
Tioga,NY,1450217000,2.51
Sullivan,NY,3341222000,1.32
Fayette,PA,4348292000,1.49
Letcher,KY,407657000,-3.57
Outagamie,WI,12909272000,1.51
Wayne,UT,121441000,1.24
Lincoln,ID,259109000,3.35
Union,SC,683562000,0.06
Grant,WI,2298089000,1.83
Surry,VA,1144567000,0.85
Clarke,MS,292827000,-0.15
Union,SD,1807758000,0.81
Lowndes,AL,422687000,0.31
Oxford,ME,1912837000,0.52
Grant,WV,422251000,-1.54
Walker,AL,1809493000,0.03
Spencer,IN,912024000,-1.0
Dillingham Census Area,AK,258398000,0.86
Grundy,MO,303454000,0.04
Routt,CO,2282963000,0.43
Lincoln,LA,2076857000,1.01
Petroleum,MT,17007000,2.61
Leslie,KY,152009000,-4.43
Wayne,TN,367892000,1.48
Tioga,PA,1807899000,2.67
Sullivan,MO,473531000,3.11
Prince William,Manassas + Manassas Park,23734783000,3.08
Le Sueur,MN,978654000,0.91
Huntington,IN,1582554000,1.72
Pawnee,KS,285582000,0.53
Lincoln,KS,147096000,2.93
Boone,AR,1504210000,1.34
Edmonson,KY,186493000,1.47
Brown,TX,1488077000,0.94
Jennings,IN,749300000,0.81
Lincoln,KY,437831000,1.14
Polk,TX,1418490000,0.99
Elk,KS,86035000,1.37
Juniata,PA,830307000,1.39
Polk,TN,336680000,0.48
Judith Basin,MT,100511000,3.39
Edgefield,SC,678491000,1.05
Bedford,PA,1456546000,0.3
Hocking,OH,634274000,0.13
Furnas,NE,336094000,2.56
Lincoln,NV,153422000,0.42
Yates,NY,1012691000,1.45
Spencer,KY,318849000,3.02
Greeley,KS,129986000,1.08
Kenton,KY,9608875000,2.24
Clarke,GA,8249884000,1.45
Dickson,TN,2191260000,2.88
Gillespie,TX,1357895000,3.42
Brown,OH,912270000,1.07
Lincoln,NE,2457678000,1.54
Lowndes,GA,5331454000,1.45
Lincoln,NC,3316791000,2.99
Seminole,OK,843897000,1.49
Elliott,KY,84941000,1.3
Des Moines,IA,2124389000,0.4
Lincoln,NM,670461000,0.91
McClain,OK,2034730000,5.8
Lincoln,MT,634094000,1.45
Lincoln,MS,1167545000,0.73
Suffolk (Independent City),VA,4390327000,1.88
Worth,GA,308979000,-0.74
Tuscaloosa,AL,10745352000,1.68
York + Poquoson,VA,3035893000,1.25
Brown,NE,207267000,4.24
Lincoln,ME,1375392000,1.15
Kent,RI,10007195000,1.12
Fayette,KY,22149133000,1.92
Colquitt,GA,1560788000,1.4
Pendleton,KY,301659000,-0.46
Pawnee,NE,130294000,2.28
Lincoln,MO,1368075000,2.08
Grant,WA,6802642000,2.99
Lincoln,MN,437918000,3.64
Union,TN,354765000,1.45
Piute,UT,86501000,4.79
Wexford,MI,1364403000,0.69
Grant,SD,571921000,0.92
Forrest,MS,3747996000,1.08
Bedford,VA,2087786000,1.13
Sioux,NE,73906000,6.07
Bryan,GA,1386502000,4.88
Sioux,ND,123479000,0.53
Tangipahoa,LA,4756791000,2.72
Calumet,WI,1677614000,1.97
Grundy,IA,570433000,1.25
Ramsey,MN,44416566000,1.24
Clarke,IA,438218000,1.46
Ramsey,ND,666577000,2.21
Grundy,IL,4536653000,2.2
Mahoning,OH,9377665000,0.0
Buffalo,SD,83897000,0.86
Dukes,MA,1596463000,0.89
Sullivan,IN,968271000,1.64
Atlantic,NJ,15025707000,0.04
Hot Springs,WY,223532000,1.62
Kent,TX,178909000,-1.19
Lincoln,OR,2118359000,1.52
Trinity,TX,270492000,1.42
Pawnee,OK,370013000,1.67
Carter,TN,1136349000,0.8
Fayette,IA,758170000,1.33
Uinta,WY,870000000,-0.56
Bedford,TN,2038918000,2.36
Fayette,IL,578070000,0.37
Greeley,NE,133892000,2.85
Windsor,VT,2832949000,1.07
Amelia,VA,293573000,0.88
Fayette,IN,561277000,-1.55
Wayne,WV,972113000,-0.29
Walla Walla,WA,3452245000,1.33
Lincoln,OK,785807000,1.31
Walker,GA,1645262000,1.03
Allegheny,PA,105613456000,1.38
Lancaster,NE,21955532000,2.03
Wayne,OH,6804587000,1.65
Wayne,NY,3806726000,0.69
Bibb,AL,466543000,1.59
Estill,KY,234918000,0.47
Polk,OR,2343741000,1.84
Karnes,TX,6153388000,16.38
Fremont,WY,1633106000,1.01
Terry,TX,535517000,1.01
Jenkins,GA,152664000,-0.93
Hickman,KY,188438000,2.0
Chittenden,VT,13103601000,2.24
Mackinac,MI,521059000,0.6
Otoe,NE,1308857000,3.31
Wayne,NC,4989254000,0.34
Fayette,WV,1102880000,0.01
Wayne,NE,627669000,3.08
Pickett,TN,127729000,2.08
Lincoln,AR,257522000,0.12
Menominee,MI,744697000,0.15
Montgomery,AR,149922000,-0.42
Montgomery,AL,15024566000,0.97
Wayne,MO,216356000,0.34
Hampton (Independent City),VA,6964845000,0.09
Morehouse,LA,557512000,-1.27
Essex,VT,135891000,-0.87
Allendale,SC,284568000,-0.63
Wayne,MS,623060000,1.81
Osage,MO,430951000,2.29
Missaukee,MI,453918000,2.69
Polk,NE,325996000,2.34
Wayne,MI,102394962000,0.3
Polk,NC,552188000,1.11
Fayette,TN,1520895000,3.77
Burlington,NJ,31563624000,1.66
Richmond,GA,13146409000,0.99
Aransas,TX,786741000,1.69
Polk,MO,917541000,2.3
Grant,OK,302953000,5.4
Polk,MN,1265187000,1.09
Grant,OR,290653000,1.38
Fayette,TX,1671127000,-0.12
Chickasaw,MS,415484000,-0.6
Sullivan,TN,9106690000,1.11
New Hanover,NC,15850617000,2.61
Worth,IA,368459000,3.32
Wayne,KY,412747000,0.61
Lincoln,CO,422369000,4.22
Durham,NC,41632015000,3.9
Terrell,GA,237098000,-0.48
Osage,KS,317349000,1.1
Austin,TX,1701111000,2.73
Bannock,ID,3223311000,1.45
Saunders,NE,832137000,2.74
Prentiss,MS,602847000,0.03
Dakota,NE,1821446000,0.86
Tift,GA,2053957000,1.08
De Baca,NM,85891000,1.38
Sumner,TN,8643412000,3.6
Alcona,MI,222259000,0.13
Grant,MN,259855000,1.01
Pima,AZ,50781363000,1.69
Brown,WI,19426074000,1.64
Lexington,SC,14243200000,2.78
Big Horn,WY,527504000,0.03
Stephens,TX,380693000,-0.1
Calvert,MD,4437122000,2.11
Hardeman,TX,221999000,0.53
Grant,NE,30885000,3.51
Bibb,GA,8561447000,-0.09
Grant,ND,70056000,0.01
Buffalo,NE,3785265000,3.08
Simpson,KY,1047507000,2.63
Montezuma,CO,1229344000,1.48
Iberia,LA,2831501000,-0.62
Dolores,CO,93166000,6.42
Dakota,MN,27844109000,2.38
Grant,NM,1173131000,1.12
Audubon,IA,347585000,2.97
Pickens,GA,1108981000,1.85
Mahnomen,MN,180406000,0.45
Mendocino,CA,3667396000,0.66
Accomack,VA,1527485000,-1.57
Comal,TX,8808711000,5.07
Hardeman,TN,617377000,0.17
New London,CT,19691503000,1.03
Aleutians East Borough,AK,291546000,1.69
Branch,MI,1446933000,0.54
Bamberg,SC,356168000,-0.01
Meagher,MT,70393000,1.87
Donley,TX,143417000,0.99
Hooker,NE,30364000,2.04
North Slope Borough,AK,7085304000,1.96
Cleveland,AR,142124000,1.3
Lowndes,MS,3253802000,1.6
Calloway,KY,1423963000,0.66
Susquehanna,PA,2706152000,6.94
Douglas,WA,1920541000,2.29
Bryan,OK,2057724000,3.73
Foard,TX,108911000,3.46
Douglas,WI,1791319000,0.56
Montgomery,GA,146407000,-0.5
Juneau City and Borough,AK,2387533000,0.71
Stanly,NC,1959005000,0.81
Worth,MO,52039000,0.63
Rockcastle,KY,366269000,1.6
Tensas,LA,109470000,-1.22
Grant,KS,384780000,-0.43
Grant,KY,575458000,1.16
Simpson,MS,642787000,0.85
Osage,OK,1109809000,3.91
Rock,MN,654896000,2.77
Grant,LA,426166000,1.97
Sullivan,PA,343278000,4.72
Tehama,CA,2135028000,1.79
Long,GA,214188000,3.21
Alpine,CA,105610000,0.96
Wayne,PA,2034681000,1.73
Lincoln,GA,135859000,-0.11
Rock,NE,93325000,2.53
Hansford,TX,754715000,1.44
Alexander,IL,134411000,-1.56
Baldwin,AL,9435720000,3.3
Fulton,KY,222797000,-0.23
Mecosta,MI,1323440000,1.33
Hickman,TN,535683000,2.27
Mohave,AZ,6877318000,2.24
Lancaster,VA,504259000,0.69
Caldwell,MO,222603000,0.95
Independence,AR,1982731000,0.58
Polk,GA,1357462000,1.42
Caldwell,NC,2431360000,-0.26
St. James,LA,2423056000,2.71
Doddridge,WV,670493000,11.23
Hinsdale,CO,45502000,1.15
Polk,FL,32161734000,2.44
San Mateo,CA,186334708000,5.41
Garrett,MD,1312205000,1.13
Davie,NC,1411959000,2.09
Hayes,NE,87710000,4.76
Peach,GA,968450000,0.83
McHenry,ND,269230000,3.89
Big Horn,MT,873733000,2.53
Harmon,OK,107354000,1.8
Salt Lake,UT,115710942000,3.38
Allamakee,IA,533600000,0.37
Kleberg,TX,1206495000,0.16
Fulton,NY,1858160000,0.72
Union,AR,2760334000,1.01
Huron,OH,2297653000,0.0
Hopkins,TX,1889071000,2.74
Newport,RI,6803707000,1.47
Fulton,OH,2099643000,0.55
Fall River,SD,252112000,0.76
Bennington,VT,1774058000,0.53
Pike,AL,1613119000,2.77
Waushara,WI,629616000,0.96
Niagara,NY,9964309000,0.49
Ripley,IN,1078202000,-0.77
Pike,AR,274986000,0.48
Willacy,TX,566964000,0.32
Philadelphia,PA,110703184000,1.82
Fulton,PA,600788000,1.26
Brunswick,NC,5973641000,2.76
Russell,AL,1697224000,1.46
Palo Alto,IA,556422000,2.34
Archuleta,CO,568591000,1.97
Gove,KS,225172000,1.54
Providence,RI,36887913000,0.84
Alexander,NC,864265000,0.56
Benzie,MI,564663000,0.22
Rock,WI,8380111000,1.58
Walker,TX,2418498000,1.51
Raleigh,WV,3217131000,0.62
Koochiching,MN,496496000,-0.55
Sumner,KS,738340000,1.43
Clearwater,ID,376711000,0.9
Bay,MI,3628109000,-0.18
Eddy,ND,134260000,4.48
Lancaster,SC,3937432000,3.95
Scotts Bluff,NE,1762543000,1.25
Charles,MD,6092222000,1.61
Grand Traverse,MI,5782816000,1.71
Taylor,TX,7371530000,2.13
Rensselaer,NY,11376791000,3.45
Howard,AR,577760000,0.21
Eddy,NM,8060199000,4.53
Texas,MO,550422000,0.93
Clarke,VA,471665000,0.32
Hoke,NC,1233844000,1.49
Trinity,CA,402737000,0.91
Luce,MI,165173000,-0.86
Chatham,GA,21999121000,2.49
Pike,GA,369342000,2.53
Coal,OK,281850000,7.4
Lancaster,PA,30698072000,1.28
Pulaski,VA,1572576000,1.54
Union,FL,394035000,0.89
Los Alamos,NM,3085463000,1.37
Brookings,SD,2327164000,2.82
Polk,IA,48719285000,2.66
Union,GA,893996000,2.41
Bremer,IA,1205892000,1.78
Ste. Genevieve,MO,638568000,0.67
Taylor,WV,588348000,4.25
Hennepin,MN,153162816000,1.82
McHenry,IL,11819877000,0.89
Whiteside,IL,2146857000,0.84
Texas,OK,2000116000,1.7
Candler,GA,297197000,1.18
Menard,TX,52872000,0.86
Caldwell,TX,1091434000,3.53
Taylor,WI,782461000,0.62
Ripley,MO,216308000,0.34
Meeker,MN,1279906000,3.69
Kent,DE,8417117000,1.41
Angelina,TX,3512511000,1.1
Howard,NE,236808000,2.57
Brown,KS,504554000,1.47
Menard,IL,263932000,0.28
Tulsa,OK,44433905000,1.48
Lincoln,SD,6433595000,10.25
Cleveland,OK,9696907000,2.76
Anderson,SC,7846787000,1.93
Maries,MO,188998000,0.7
Sonoma,CA,31011472000,1.42
Box Butte,NE,506576000,0.13
Vigo,IN,5006205000,0.79
Shawnee,KS,11062377000,0.96
Bourbon,KY,922480000,2.74
Union,IA,820383000,2.82
Howard,MD,30108718000,3.02
Fayette,GA,6109018000,2.82
Ashe,NC,788125000,0.26
Howard,MO,227665000,0.28
Latah,ID,1626765000,1.78
Cleveland,NC,4488187000,1.51
Gaines,TX,1998582000,0.94
Larimer,CO,22016467000,3.02
New Hampshire,$ thousands,93466707000,1.77
Anderson,TN,5859999000,1.71
Sandusky,OH,2937073000,1.25
Goodhue,MN,2865729000,0.71
Russell,KY,778889000,3.34
Poinsett,AR,688099000,0.82
Sully,SD,120642000,1.98
Brown,MN,1475880000,0.95
Wake,NC,100210397000,4.21
Russell,KS,304424000,1.93
Lincoln,TN,1180554000,2.01
Cheatham,TN,1315792000,2.83
Baldwin,GA,1471197000,-0.07
Harvey,KS,1345105000,1.21
Buffalo,WI,562340000,-0.61
Howell,MO,1363953000,1.21
Manistee,MI,886312000,0.32
Josephine,OR,3094718000,2.17
Seminole,GA,297046000,0.61
Oceana,MI,655313000,0.13
Union,IL,395665000,-0.56
Union,IN,147699000,-0.06
Spartanburg,SC,17043342000,2.0
Bland,VA,201803000,0.94
Seminole,FL,26998021000,2.82
Lincoln,WA,357614000,0.57
Mariposa,CA,786148000,1.65
Lincoln,WI,1311189000,1.22
Brunswick,VA,723317000,2.58
Callaway,MO,1925497000,1.31
Onslow,NC,9506281000,2.25
Southampton + Franklin,VA,820314000,0.24
Keya Paha,NE,33771000,3.06
Talladega,AL,3201599000,1.86
Sibley,MN,460320000,1.0
Howard,IA,540575000,3.03
Huron,MI,1645881000,2.25
Union,KY,823576000,2.03
Avery,NC,646791000,0.33
Howard,IN,4968417000,1.47
Gage,NE,1151648000,1.45
Buena Vista,IA,1425482000,2.27
West Baton Rouge,LA,1549862000,0.71
Ontonagon,MI,136639000,-1.97
Malheur,OR,1155682000,0.73
Crittenden,KY,188434000,0.73
Chemung,NY,3622588000,0.44
Union,LA,504199000,0.17
Polk,AR,571735000,0.89
Wilkinson,MS,148521000,-0.77
Brown,IL,432196000,2.31
Anderson,TX,2164042000,1.23
Brown,IN,315494000,0.46
Vermillion,IN,935783000,0.8
Emmons,ND,162322000,2.08
Bleckley,GA,252909000,-1.28
Union,OH,4679856000,2.25
Flathead,MT,5290713000,2.85
Fergus,MT,507457000,1.45
Habersham,GA,1490884000,0.45
Clearwater,MN,301698000,1.64
Evans,GA,397455000,-0.35
Bourbon,KS,577764000,0.37
Chatham,NC,2039527000,0.44
Union,MS,1153362000,2.24
Fayette,AL,356603000,-0.62
Union,NM,128861000,-4.06
Union,NJ,39552133000,-0.22
Lincoln,WY,985598000,1.72
Ben Hill,GA,611986000,-0.68
Lincoln,WV,232576000,-0.73
Loving,TX,8297119000,19.49
Union,NC,9493721000,2.65
King,WA,389400518000,4.19
Red River,LA,786153000,8.81
Matagorda,TX,2418666000,-0.45
Wabaunsee,KS,139826000,0.52
Highlands,FL,2851212000,1.65
Rockbridge,Buena Vista + Lexington,1337186000,0.59
Mineral,MT,111031000,1.24
Broward,FL,132361553000,2.55
Pend Oreille,WA,556041000,1.23
Lamar,GA,474582000,1.67
Wells,IN,1199283000,1.62
Hutchinson,SD,419324000,1.39
Pierce,WI,1208143000,1.7
Imperial,CA,10467574000,3.3
Westmoreland,VA,484994000,1.68
Blount,TN,7107696000,2.9
Monroe,TN,1673666000,2.54
Pierce,WA,48890368000,2.52
Lehigh,PA,25110569000,-0.83
Fentress,TN,515783000,2.05
McLean,KY,230147000,-0.01
Tippah,MS,663012000,0.54
Clear Creek,CO,528527000,0.86
Mineral,NV,202174000,0.55
Pike,PA,1546479000,1.77
Chattahoochee,GA,1610723000,1.1
Cowley,KS,1311009000,0.44
Nevada,AR,213374000,0.3
King,TX,91216000,-0.72
Lafayette,WI,668059000,1.88
Howard,TX,9035206000,8.62
Shelby,IA,808166000,3.27
Baltimore,MD,56988352000,1.32
Shelby,IN,2174492000,1.56
Shelby,IL,825949000,2.2
Highland,VA,72506000,0.14
Sequatchie,TN,344804000,1.88
Sacramento,CA,102387018000,1.88
Dearborn,IN,1840758000,0.39
Lake,TN,130364000,0.59
Scioto,OH,2772265000,1.89
Douglas,CO,24304453000,5.61
Nevada,CA,4747160000,1.41
Montmorency,MI,247552000,0.07
McNairy,TN,545111000,-1.45
Walworth,WI,4659143000,1.24
McLean,IL,12363558000,1.23
Rice,KS,673956000,4.65
Leon,TX,866668000,1.25
Hutchinson,TX,5289528000,7.3
Norfolk,MA,58088322000,1.63
Early,GA,496004000,-0.54
Onondaga,NY,32093789000,1.15
Hood,TX,2788369000,4.91
Dent,MO,374432000,0.47
Phillips,AR,536336000,-0.53
Williams,OH,1716337000,0.7
Acadia,LA,1554051000,0.54
Refugio,TX,408407000,-1.67
Shelby,OH,3256839000,1.42
Delta,TX,112243000,0.46
Neshoba,MS,1113354000,0.36
Traill,ND,450051000,2.16
Lake,SD,688175000,2.65
Trousdale,TN,228068000,2.05
Newberry,SC,1370462000,1.35
Maricopa,AZ,311303699000,2.98
Parmer,TX,1098454000,2.4
Langlade,WI,690976000,0.14
San Miguel,CO,846960000,1.34
Lamar,AL,330918000,-0.88
Amite,MS,299151000,1.8
Butts,GA,764005000,1.81
Phillips,CO,258754000,0.76
Monroe,PA,7420773000,1.65
St. Landry,LA,2382202000,0.72
Saguache,CO,172959000,1.65
Oliver,ND,229522000,1.38
Van Buren,TN,100836000,0.8
Prince Edward,VA,760438000,0.93
Monroe,OH,1003892000,4.82
Fisher,TX,419352000,5.96
Klamath,OR,2609750000,0.99
Mecklenburg,VA,1209591000,0.57
Shelby,MO,186679000,-0.5
St. Francois,MO,1765541000,0.97
Shelby,KY,1757529000,1.68
Covington,MS,737305000,2.35
Monroe,NY,48916577000,0.43
Bacon,GA,391856000,1.35
Williams,ND,6440503000,10.06
Beaver,UT,379405000,1.34
Lake,OR,365647000,2.62
Torrance,NM,595372000,3.18
Westmoreland,PA,15395142000,1.27
Wabasha,MN,763145000,1.19
Lake,OH,12198837000,0.84
Lee,VA,418676000,-0.7
Calcasieu,LA,13869163000,0.38
Hawkins,TN,1765249000,1.76
Pike,IL,548769000,1.07
Utah,UT,36622568000,5.17
Pike,IN,531808000,-1.84
Red River,TX,349007000,2.0
Ringgold,IA,157466000,1.79
Sevier,AR,500883000,0.45
Livingston,MO,563493000,0.66
Dyer,TN,1819040000,1.32
Van Buren,MI,2626677000,1.0
Livingston,MI,7752182000,1.56
Emery,UT,1132946000,1.51
Mecklenburg,NC,139157051000,3.62
Chesterfield,SC,1323355000,0.42
Lee,TX,891571000,1.33
Kimble,TX,158642000,1.07
Caddo,OK,1045101000,1.07
Lake,MT,918822000,1.62
Blanco,TX,543690000,4.01
Sauk,WI,4132687000,1.54
Livingston,LA,3321450000,4.02
Colfax,NM,470242000,-0.21
Cloud,KS,456890000,1.87
Livingston,KY,328823000,0.55
Lake,MI,215175000,0.07
Lake,MN,516864000,0.36
Colfax,NE,815745000,2.83
Glascock,GA,31419000,-3.17
Chesterfield,VA,17808290000,1.38
Bosque,TX,663413000,2.05
Galveston,TX,18778210000,1.44
Monmouth,NJ,41526595000,1.32
Leelanau,MI,848712000,0.97
Borden,TX,842749000,7.75
Bledsoe,TN,231803000,0.49
Mineral,CO,68945000,1.77
Wilkes,GA,341281000,0.66
Kendall,IL,3917362000,3.15
Costilla,CO,84139000,0.27
Norfolk (Independent City),VA,21207484000,0.2
Ziebach,SD,57698000,1.6
Nowata,OK,218535000,1.55
Glacier,MT,543718000,2.04
San Miguel,NM,693123000,0.07
Lake and Peninsula Borough,AK,90101000,0.53
Lee,SC,375774000,0.31
Dooly,GA,341400000,-0.28
Lamb,TX,814152000,0.08
Pike,MO,553471000,0.29
Lapeer,MI,2432790000,0.72
Mingo,WV,546111000,-4.06
Pike,MS,1168457000,0.28
Hampden,MA,23113491000,0.67
Livingston,IL,2185909000,1.88
Tazewell,IL,5918091000,-0.54
Cook,MN,294725000,0.84
Virginia Beach (Independent City),VA,24018999000,1.48
Conejos,CO,187945000,1.45
Chautauqua,KS,85261000,1.01
Woodward,OK,1214458000,1.75
Beaver,PA,6434345000,0.03
Schoolcraft,MI,278352000,0.04
Lake,IN,24165578000,0.84
Delta,MI,1221115000,-0.23
Wells,ND,298869000,3.78
Lake,IL,65112727000,1.58
Beaver,OK,437773000,1.45
Pike,KY,1982514000,-1.71
Grenada,MS,892512000,0.54
Brewster,TX,449881000,1.16
Rice,MN,2994454000,1.58
Pasco,FL,17659216000,3.84
Marin,CA,30661017000,2.25
McLean,ND,709054000,1.89
Pike,OH,1117101000,-0.45
Hartford,CT,87029233000,1.3
Chautauqua,NY,4804944000,-0.3
Pierce,NE,515750000,4.24
Pierce,ND,234834000,2.22
Kane,UT,437169000,3.35
Alfalfa,OK,394683000,6.35
Caddo,LA,14118726000,1.4
Summers,WV,219338000,0.2
Monroe,WV,240714000,0.26
Monroe,WI,2317098000,2.53
Potter,PA,748091000,0.73
Georgetown,SC,2872657000,1.43
Kittitas,WA,2057127000,2.67
Shelby,TN,67464637000,0.64
Brazoria,TX,17329766000,1.82
Chambers,AL,903782000,-0.05
Walworth,SD,249421000,0.68
Coffee,AL,1709663000,2.03
Shelby,TX,1438094000,2.91
Sherman,TX,532950000,1.46
Kaufman,TX,5029048000,4.35
Swift,MN,571031000,2.16
Glynn,GA,4529947000,1.29
Johnson,WY,434873000,3.71
Wilson,NC,3924561000,-0.67
Tazewell,VA,1288724000,-0.38
Ulster,NY,7959618000,1.31
Lee,MS,5020893000,0.8
Decatur,KS,161677000,0.92
Paulding,GA,3626648000,4.26
Drew,AR,615578000,0.97
Dale,AL,3035393000,1.51
Wahkiakum,WA,111468000,1.35
Lake,FL,12548919000,3.12
Johnson,TX,6669340000,4.59
Schuyler,IL,226300000,0.49
Gibson,IN,3773866000,3.35
Lee,NC,2866902000,0.23
Butler,OH,22330118000,2.42
Cook,IL,427566643000,0.91
Pierce,GA,479419000,1.56
Huerfano,CO,264032000,0.38
Clay,IN,887000000,1.9
New Castle,DE,54376189000,0.33
Daviess,IN,1524689000,2.1
Essex,NJ,58829083000,0.65
Ashley,AR,909412000,0.31
Alcorn,MS,1278826000,1.11
Clay,IL,594368000,1.49
Jefferson Davis,LA,782510000,-3.68
Washburn,WI,599328000,0.97
Hunterdon,NJ,7850163000,0.33
Clay,IA,1104274000,1.99
Wadena,MN,527522000,0.51
Wilkes,NC,2440518000,-0.65
Butler,NE,426354000,3.02
Dillon,SC,740011000,0.56
Potter,SD,124420000,0.04
Richland,IL,558612000,0.46
Essex,NY,1698579000,0.73
Los Angeles,CA,801967353000,2.04
Lee,KY,133745000,0.28
North Dakota,$ thousands,60348597000,3.8
Weld,CO,22705689000,5.49
Butler,MO,1538188000,0.48
Jefferson Davis,MS,184586000,-0.56
Love,OK,756985000,6.65
Castro,TX,813526000,3.95
Florence,WI,122254000,0.12
Obion,TN,1325559000,0.11
Moody,SD,349454000,2.27
Massac,IL,371182000,-4.08
Bradford,FL,688898000,0.53
Douglas,SD,203930000,2.23
Cheyenne,NE,507054000,0.53
Harris,TX,429677330000,2.39
Gem,ID,484206000,2.71
Pettis,MO,2479925000,2.38
Lafayette,FL,210912000,1.76
Custer,OK,1707889000,2.68
Clinton,IA,2288022000,-0.19
Van Buren,IA,223115000,1.47
Blount,AL,987208000,0.58
Pershing,NV,298294000,0.45
Snyder,PA,1722717000,1.06
Cole,MO,5729719000,1.3
Clay,KY,359732000,-0.04
Hampshire,WV,392653000,0.43
Johnson,TN,428972000,1.47
Cook,GA,403853000,-0.18
Clay,KS,282112000,1.27
Potter,TX,8972937000,1.13
Rio Grande,CO,435258000,0.79
Hanson,SD,167282000,3.48
Richland,LA,667505000,1.97
Butte,CA,9278380000,1.37
Butler,KY,311477000,0.27
Cavalier,ND,396021000,4.42
Decatur,IN,1639380000,1.06
Custer,NE,762617000,3.07
Bent,CO,140142000,-0.57
Decatur,IA,207514000,1.01
Putnam,IL,306599000,0.43
Monroe,AR,213802000,-0.04
Putnam,IN,1107496000,0.81
Lake,CO,330640000,2.67
Harper,OK,232575000,0.93
Stafford,KS,203654000,2.65
Multnomah,OR,73250246000,1.9
Monroe,AL,611516000,-1.5
Denali Borough,AK,283364000,1.86
Putnam,GA,615927000,-1.81
Custer,MT,500517000,1.62
Lake,CA,1954710000,1.14
Coffee,GA,1701780000,0.9
Richland,OH,4709913000,-0.02
Butler,KS,2724650000,2.21
Schuyler,MO,142274000,3.2
Effingham,GA,2344775000,4.63
Denton,TX,48275771000,6.08
Reno,KS,2661870000,0.79
Putnam,FL,2565984000,0.38
Las Animas,CO,504599000,0.95
Clay,MS,535009000,-1.03
Richland,ND,1037860000,2.23
Kinney,TX,117967000,3.05
Wayne,IL,455309000,1.36
Darke,OH,2262341000,1.37
Wayne,IN,2969521000,0.28
Kane,IL,28130759000,1.55
St. Bernard,LA,1239124000,-3.22
Lafayette,MS,2364876000,2.48
Clay,MO,13854366000,1.69
Clay,MN,2199170000,1.55
Van Buren,AR,378018000,2.68
Lafayette,MO,879153000,1.1
Richland,MT,986153000,5.21
Leon,FL,17611188000,1.3
Douglas,MN,2083663000,2.0
Shawano,WI,1269075000,0.79
Douglas,MO,220231000,-0.11
Cheyenne,KS,132840000,1.72
Effingham,IL,2198016000,1.52
Douglas,NV,2863058000,1.78
Lamar,TX,2768182000,1.61
Wayne,IA,227226000,2.0
Florence,SC,7413412000,1.47
Harnett,NC,2883434000,1.7
West Virginia,$ thousands,80798157000,1.03
Passaic,NJ,22059977000,0.31
Phelps,MO,1680273000,1.1
Kern,CA,46941848000,2.64
Douglas,NE,56371635000,2.68
Honolulu,HI,65999825000,1.59
Clay,NE,368017000,2.18
Clay,NC,230914000,0.65
Butler,IA,550384000,1.89
Essex,VA,406029000,1.49
Lafayette,LA,15460525000,1.12
Pasquotank,NC,1704637000,1.37
Jack,TX,410804000,1.24
Harper,KS,291040000,3.41
St. Croix,WI,4188829000,2.78
McCormick,SC,225469000,1.19
Wayne,GA,1816523000,3.61
Waller,TX,4098626000,6.26
Phelps,NE,836665000,2.1
Tama,IA,662882000,1.52
Douglas,OR,4052167000,1.26
Schuyler,NY,538245000,0.77
Richland,SC,28287154000,1.63
Stone,AR,270620000,0.92
Amherst,VA,803284000,-0.07
South Dakota,$ thousands,57275094000,2.16
Monroe,MO,238019000,-0.52
Christian,IL,1464861000,0.6
Becker,MN,1488619000,1.77
Monroe,MS,940091000,-0.44
Wabash,IL,329762000,-0.98
Wabash,IN,1311465000,1.3
Clinton,NY,3699091000,0.23
Monroe,MI,6247886000,0.35
Craighead,AR,5482402000,2.53
Indian River,FL,7908751000,2.7
Fallon,MT,202524000,1.84
Brooke,WV,932789000,-0.31
Decatur,TN,329119000,0.52
Tripp,SD,266380000,1.25
Kanawha,WV,11325618000,0.08
Clinton,MI,2441540000,2.22
Shelby,AL,13047437000,3.52
Pennington,SD,6439764000,1.93
Putnam,TN,3953882000,2.11
Johnson,NE,204420000,2.14
Lamar,MS,2132030000,2.83
Clinton,MO,414136000,0.2
Lafayette,AR,136853000,-1.57
Divide,ND,191408000,5.9
Paulding,OH,620908000,1.33
Johnson,MO,1968735000,1.27
Douglas,IL,1121123000,1.31
Bergen,NJ,82441222000,1.07
Sevier,TN,5409328000,2.99
Aroostook,ME,2570781000,0.47
Wilson,TN,7220226000,4.76
Monroe,KY,310862000,1.83
Clay,SD,657925000,1.54
St. Johns,FL,13515965000,4.81
Dimmit,TX,3291229000,15.22
Kanabec,MN,390906000,0.12
Wilson,TX,1378529000,5.81
Prince of Wales-Hyder Census Area,AK,243033000,1.47
Sherburne,MN,3483095000,0.87
Posey,IN,4598651000,3.01
St. Mary's,MD,8198447000,2.8
Clinton,OH,2424464000,0.35
Douglas,KS,5438191000,1.33
Johnson,KY,451049000,-0.46
Highland,OH,1349985000,1.34
Sevier,UT,1256748000,2.74
Kodiak Island Borough,AK,819757000,0.88
Nottoway,VA,544586000,0.58
Johnson,KS,58411422000,3.15
Taos,NM,1076474000,0.81
Clinton,PA,1488687000,1.4
Jerauld,SD,182131000,2.79
Ionia,MI,1891422000,1.36
Faribault,MN,551249000,0.32
Richland,WI,756368000,2.04
Johnson,IA,9674806000,1.78
Putnam,OH,1301052000,0.96
Christian,MO,1969109000,2.36
Daviess,KY,4652119000,1.1
Monroe,IL,1037120000,2.06
Monroe,IN,7295054000,1.68
Lee,IL,1590627000,1.17
Monroe,IA,484287000,1.89
Putnam,NY,4048136000,0.97
Pleasants,WV,523106000,0.91
Clay,TX,261493000,0.58
Pennington,MN,1981924000,5.04
Roberts,SD,405314000,2.35
Burnet,TX,2111799000,3.57
Clay,TN,171499000,0.76
Pitkin,CO,2823427000,1.61
Bowman,ND,192039000,2.21
Granite,MT,116300000,2.48
Rock Island,IL,10037364000,0.44
Roberts,TX,181482000,-2.86
Clinton,IL,1150093000,0.45
Chambers,TX,2999510000,3.36
Clinton,IN,1538816000,0.62
Cooke,TX,2573852000,3.04
Johnson,IN,6157867000,2.76
Johnson,IL,220784000,0.05
Daviess,MO,175469000,0.46
Lee,IA,1774682000,0.09
Kendall,TX,2660925000,4.7
Rich,UT,175483000,3.73
Johnson,GA,120156000,-1.59
Essex,MA,48080288000,1.53
Genesee,NY,2559396000,0.57
McLeod,MN,1779165000,1.47
Butler,AL,660757000,1.57
Monroe,GA,1340806000,-0.07
Ferry,WA,205051000,1.16
Guilford,NC,35469980000,0.8
Lee,FL,40416750000,3.39
Custer,SD,284816000,1.99
Monroe,FL,6070417000,1.86
Kay,OK,1882932000,0.13
Clay,WV,157456000,-3.26
Venango,PA,1751460000,0.23
Lee,GA,811944000,3.05
Clinton,KY,319516000,-0.15
Douglas,GA,5695324000,2.91
Genesee,MI,16090544000,0.35
Christian,KY,6064788000,1.78
Chaves,NM,2099721000,0.5
Putnam,MO,133505000,2.22
Ray,MO,504120000,0.66
East Feliciana,LA,512387000,1.43
Reagan,TX,3318525000,10.66
Scotland,NC,1185054000,-0.5
DuPage,IL,100921668000,1.56
Coryell,TX,1790456000,2.62
Vernon,WI,1181113000,2.11
Bronx,NY,44029337000,1.29
Weber,UT,13684763000,2.89
Stephenson,IL,1800491000,0.11
Sanders,MT,376212000,1.73
Middlesex,CT,10313590000,0.28
Heard,GA,1395088000,2.89
Muscatine,IA,2524754000,0.28
Mitchell,GA,728036000,-0.72
Skamania,WA,337980000,2.19
Rockdale,GA,4306313000,1.08
Oneida,ID,158549000,3.18
Coffee,TN,3278510000,2.52
Frio,TX,1263621000,6.63
Scotland,MO,177598000,1.92
Claiborne,MS,753089000,0.33
Campbell,SD,90529000,2.1
Schleicher,TX,133762000,-1.02
Atchison,KS,613259000,-0.14
Blue Earth,MN,4174644000,1.79
Floyd,IA,886329000,1.04
DeKalb,GA,46351529000,0.94
Alexandria (Independent City),VA,14395458000,0.78
Storey,NV,1999430000,10.24
Nash,NC,5333290000,0.88
Floyd,IN,3153211000,1.36
Charlton,GA,209963000,0.87
Darlington,SC,2634611000,0.39
Columbiana,OH,3741820000,1.3
Mitchell,IA,804208000,3.7
Holmes,FL,431262000,1.0
Pitt,NC,9691704000,2.05
Butte,SD,356038000,1.84
Walthall,MS,262864000,0.66
Benton,MS,326061000,4.92
Sierra,CA,98012000,-0.82
Benton,MN,1805140000,1.41
Oldham,TX,345497000,6.08
Benton,MO,458360000,1.61
Martin,TX,11396694000,18.72
Geneva,AL,578990000,0.55
Humboldt,CA,5872356000,1.07
Wyandotte,KS,11587330000,1.9
White,AR,2411281000,1.69
Cabarrus,NC,9111043000,1.12
Lee,AL,6987631000,3.38
Floyd,GA,4378964000,-0.04
Bureau,IL,1210687000,-0.05
Grand,CO,1112678000,2.33
Otsego,NY,2638483000,1.05
Benton,IA,897548000,1.83
Throckmorton,TX,160434000,3.54
Lee,AR,168935000,-1.9
Brantley,GA,297685000,1.47
Upson,GA,687668000,-0.07
Mitchell,KS,536474000,3.03
Johnson,AR,705961000,1.17
Bollinger,MO,167618000,-0.51
Williamson,IL,3072167000,1.76
Washington,AR,13240214000,2.86
Clare,MI,1243321000,2.8
DeKalb,IN,2813045000,1.71
Washington,AL,985765000,0.61
Stafford,VA,6550434000,3.74
Putnam,WV,2923115000,2.17
DeKalb,IL,4177414000,1.28
Orleans,VT,1110896000,1.6
Porter,IN,8223354000,2.11
Whitman,WA,2493089000,1.97
Carson City (Independent City),NV,3836985000,0.88
Stewart,GA,164767000,2.28
Winneshiek,IA,1001120000,1.23
Hampshire,MA,7823339000,1.34
San Diego,CA,261671687000,2.38
Preston,WV,752139000,0.23
Nolan,TX,1028173000,3.16
Sarpy,NE,10233381000,3.27
Benton,IN,486006000,2.95
Hidalgo,NM,200238000,2.31
Otsego,MI,1179916000,-1.32
Atchison,MO,389756000,3.28
Chippewa,MI,1271133000,0.23
Jessamine,KY,2177706000,1.9
McCurtain,OK,1309248000,1.39
Washington,CO,186811000,1.3
Payette,ID,891106000,2.81
Baltimore (Independent City),MD,51151033000,0.74
Iberville,LA,2473237000,0.26
Mitchell,NC,598729000,0.26
Claiborne,LA,384953000,-3.98
Concho,TX,237043000,2.85
St. Lawrence,NY,4847243000,0.68
Copper River Census Area,AK,134453000,6.07
Campbell,KY,3781082000,1.59
Beauregard,LA,1415291000,1.94
Martin,MN,936718000,0.36
Cibola,NM,628390000,0.81
Chippewa,MN,571377000,0.55
Custer,ID,190361000,0.22
Williamson,TX,32638884000,5.14
Tulare,CA,18824792000,2.11
Appomattox,VA,343895000,0.29
Wright,MN,5162637000,2.19
Wright,MO,456789000,1.27
Tishomingo,MS,659740000,2.06
Clay,AR,366765000,-0.48
Clay,AL,386382000,0.55
Gloucester,VA,972811000,0.6
Wirt,WV,79511000,0.34
Benton,TN,417183000,0.79
Falls,TX,482157000,1.5
Martin,NC,613839000,-1.75
Oldham,KY,2148045000,2.8
Madera,CA,6226914000,2.89
Martin,KY,193927000,-4.66
Benton,WA,12676667000,2.29
Dubois,IN,2714027000,1.0
New Haven,CT,53369766000,0.84
Denver,CO,98955752000,2.4
Reynolds,MO,205807000,-0.51
Clarion,PA,1124465000,-0.55
White,IN,1143932000,1.92
Williamson,TN,30283015000,6.62
Holmes,OH,2626738000,2.45
White,IL,506545000,0.22
Spalding,GA,2280849000,0.64
Gasconade,MO,460229000,0.66
Lynn,TX,346025000,4.25
Walsh,ND,575843000,1.17
Vernon,MO,875575000,1.83
New Madrid,MO,993448000,-0.23
Sheboygan,WI,6875216000,0.64
Hot Spring,AR,1203369000,2.32
Renville,ND,178870000,4.6
Albany,NY,35778797000,1.46
Harlan,NE,196595000,3.56
White,GA,920697000,2.26
Door,WI,1459999000,1.27
Stone,MO,794340000,1.08
Luzerne,PA,15543923000,0.8
Stone,MS,434561000,2.25
Travis,TX,159612559000,5.23
Laramie,WY,6478574000,2.39
Racine,WI,8691488000,0.01
Sawyer,WI,713617000,0.89
Robeson,NC,3869692000,-0.12
Indiana,PA,3402292000,-0.61
Benton,OR,5061341000,2.63
Hidalgo,TX,23993556000,1.88
Lewis and Clark,MT,4171390000,2.39
DeKalb,AL,2207302000,1.02
Morrison,MN,1126406000,1.19
Cheyenne,CO,326760000,3.38
Holmes,MS,266001000,-0.43
Gray,TX,1088436000,0.45
Decatur,GA,1049463000,-0.2
Hood River,OR,1428075000,3.41
Natrona,WY,5447366000,2.2
Butte,ID,1505828000,2.09
Harris,GA,641714000,1.23
Kauai,HI,4122688000,2.06
Bracken,KY,171819000,1.3
Clay,FL,6677254000,3.18
Plaquemines,LA,2689374000,-2.29
Mitchell,TX,344793000,0.31
Custer,CO,164619000,1.83
Cottonwood,MN,635748000,1.63
Coshocton,OH,1308033000,-0.88
Uvalde,TX,963594000,1.55
Desha,AR,559766000,1.07
Deschutes,OR,12442840000,4.05
Brazos,TX,12259102000,3.49
Claiborne,TN,815844000,0.55
Renville,MN,774751000,1.27
Berkshire,MA,7240663000,0.66
Floyd,KY,1096792000,0.25
Irwin,GA,214978000,-0.42
Butler,PA,11405006000,2.59
Harlan,KY,568524000,-2.77
Anchorage Municipality,AK,24036883000,1.38
Pushmataha,OK,251178000,-0.04
Clay,GA,87006000,0.04
Griggs,ND,165875000,3.52
Washington,MO,411747000,0.48
Washington,MN,12783370000,1.98
Glades,FL,337752000,2.23
Haralson,GA,1031307000,2.54
Irion,TX,916822000,8.71
Bulloch,GA,2740304000,2.1
Navarro,TX,1787748000,1.39
Hudson,NJ,51368280000,1.7
Washington,ME,1106320000,0.13
Washington,MD,7232578000,1.09
Roosevelt,NM,682041000,1.28
Greenbrier,WV,1135407000,0.51
Smyth,VA,1091218000,0.13
Gwinnett,GA,54664984000,2.22
Gogebic,MI,484235000,0.03
Breckinridge,KY,376576000,1.44
Asotin,WA,726576000,1.81
Gloucester,NJ,14406711000,1.21
Chippewa,WI,2842870000,2.38
Socorro,NM,521423000,0.8
St. John the Baptist,LA,2781487000,1.52
Haskell,TX,383869000,3.77
Wyoming,WV,700206000,0.2
Martin,FL,9481295000,1.94
Washington,NE,1463457000,2.23
Guadalupe,TX,10710792000,6.08
Washington,NC,269247000,-0.38
White,TN,822183000,1.79
Dallam,TX,809485000,3.11
Jackson,IA,659075000,1.85
Wilcox,GA,146004000,-0.35
Todd,MN,820970000,2.08
Towner,ND,212631000,4.56
Jackson,IL,2616146000,0.32
Jackson,IN,2882407000,2.86
Rio Blanco,CO,607902000,1.97
Washington,MS,1398082000,-1.31
Miami-Dade,FL,192808376000,2.32
Washington,OR,54083003000,4.85
Dunklin,MO,735340000,-0.53
Greensville + Emporia,VA,1458365000,1.81
Lenoir,NC,2785295000,0.4
Moultrie,IL,806577000,2.76
Washington,OK,3066801000,1.54
Abbeville,SC,572146000,-0.37
Washington,OH,3735892000,1.38
Edmunds,SD,236940000,2.58
Aurora,SD,130895000,1.58
Bee,TX,839512000,-0.47
Little River,AR,486746000,0.51
Washington,NY,1949798000,0.83
Codington,SD,1598686000,1.87
De Witt,IL,1253741000,1.25
Pine,MN,702512000,0.19
Coos,OR,2535614000,1.23
Grady,OK,4009684000,6.13
Yuba,CA,3373337000,1.87
Washington,PA,14420854000,3.5
Orleans,LA,23805024000,-0.64
Hale,TX,1352516000,0.24
Roscommon,MI,632223000,0.22
Macon,AL,563676000,0.57
Delta,CO,911356000,0.37
Beckham,OK,1065562000,1.34
Grayson,KY,723147000,1.21
Jackson,KY,167968000,-0.66
Jackson,KS,365647000,0.35
Coos,NH,1363574000,0.25
Jackson,LA,435954000,-2.56
Martin,IN,1185807000,2.16
Antrim,MI,630545000,0.34
Albany,WY,1654243000,1.37
Ritchie,WV,680384000,5.97
Grays Harbor,WA,2845591000,1.08
Gates,NC,182752000,0.14
Stewart,TN,678886000,0.78
Vernon,LA,2048619000,0.34
Hockley,TX,1698842000,0.22
La Plata,CO,3211843000,1.03
Washington,RI,7609612000,1.68
Juneau,WI,940443000,1.03
Buchanan,MO,5019640000,0.99
Jackson,MI,6909361000,1.17
Ballard,KY,262736000,-1.22
Antelope,NE,642726000,4.16
Floyd,VA,415737000,2.24
Jackson,MS,7391018000,1.75
Jackson,MN,614284000,2.37
Jackson,MO,51267431000,0.98
Gray,KS,658720000,3.95
Greenup,KY,805423000,-3.5
Hill,MT,820598000,2.11
Archer,TX,340087000,2.02
Colbert,AL,2802771000,1.4
Jackson,NC,1629465000,1.48
Blair,PA,6198024000,0.94
Macon,GA,404368000,-0.03
Mineral,WV,835034000,1.71
Okfuskee,OK,241215000,1.33
Guadalupe,NM,187534000,2.3
Middlesex,VA,370495000,0.85
Loudoun,VA,35130231000,4.86
Grand,UT,701658000,3.38
Washington,TN,6880895000,2.11
Floyd,TX,314213000,0.55
Nez Perce,ID,2293576000,1.29
Umatilla,OR,3553307000,0.81
Jackson,OK,1183034000,0.93
Montana,$ thousands,57373329000,2.45
Livingston,NY,2266955000,1.0
Jackson,OH,1016651000,0.08
Jackson,OR,10314605000,1.98
Todd,KY,408628000,1.3
Unicoi,TN,620320000,1.34
Tunica,MS,624648000,-2.64
Gratiot,MI,1561141000,1.59
Grand Isle,VT,184552000,1.05
Alpena,MI,1153565000,0.31
Missoula,MT,6623001000,2.3
Noble,OH,420509000,2.96
Trempealeau,WI,1337861000,1.0
Noble,OK,610129000,0.41
Holt,MO,191196000,0.45
Island,WA,3602961000,1.49
Moniteau,MO,481732000,1.6
Haskell,KS,369292000,0.87
Dade,GA,484238000,2.28
Rutland,VT,2765476000,0.31
Wyoming,PA,1425152000,2.27
Anson,NC,815053000,0.04
Humboldt,IA,451174000,1.17
Granville,NC,3740739000,2.22
Bristol Bay Borough,AK,148036000,2.2
DeKalb,MO,317276000,1.16
Mayes,OK,2187525000,2.09
Washington,GA,637803000,-1.1
Culberson,TX,2996840000,20.09
Guthrie,IA,534964000,3.18
Anne Arundel,MD,52855578000,2.78
Sanborn,SD,149987000,2.93
Wyoming,NY,1760078000,1.65
Washington,FL,701303000,1.48
Grady,GA,619298000,0.5
Powder River,MT,129240000,5.94
Jim Hogg,TX,174176000,-5.48
Covington,AL,1234498000,0.65
Jackson,SD,80596000,2.02
Boundary,ID,425087000,2.08
Hudspeth,TX,175870000,4.29
Washington,IL,1040903000,3.63
Webster,WV,133462000,-4.1
Lenawee,MI,3414233000,0.65
Wilcox,AL,366399000,-0.35
Price,WI,566799000,0.32
Catahoula,LA,183886000,-0.59
Washington,ID,504932000,2.14
Washington,IA,1263482000,3.44
Bonneville,ID,6993646000,3.64
Wilbarger,TX,815120000,0.61
Prince George + Hopewell,VA,4066570000,1.42
Charles City,VA,225215000,1.5
Greenlee,AZ,1468908000,1.48
Buchanan,VA,1078802000,-0.31
Jackson,TN,237289000,1.5
Jackson,TX,607084000,-0.77
Valdez-Cordova Census Area,AK,-1,6.56
Campbell,WY,5668981000,0.19
Haakon,SD,133431000,1.35
Grayson,TX,5883798000,2.6
Somervell,TX,1417721000,0.67
Ottawa,OH,2131971000,0.76
Phillips,KS,413878000,1.52
Ottawa,OK,1122153000,1.98
Cherry,NE,336749000,3.92
Hinds,MS,12174864000,-0.45
Brooks,TX,285617000,-4.21
DeWitt,TX,3451192000,10.68
Blackford,IN,333249000,-0.15
Hill,TX,1194810000,3.23
Washington,IN,718095000,1.36
Haskell,OK,364524000,0.45
Grayson,VA,297135000,0.72
Colleton,SC,1117962000,0.44
Holt,NE,680966000,3.13
Sierra,NM,311965000,0.62
Pittsburg,OK,2097353000,2.93
Middlesex,NJ,69474434000,1.36
Orleans,NY,1374839000,0.75
Cocke,TN,834158000,0.83
Big Stone,MN,229850000,1.71
Bastrop,TX,3126982000,4.03
Swain,NC,675069000,1.69
Roger Mills,OK,372242000,1.16
Atkinson,GA,258743000,2.05
Oglala Lakota,SD,330695000,1.08
Rockwall,TX,5651827000,6.37
Northumberland,VA,354820000,-0.71
Charlevoix,MI,1328042000,1.48
Alleghany,NC,300617000,-0.34
DeKalb,TN,801376000,2.91
Roosevelt,MT,436153000,2.46
Todd,SD,241966000,1.33
Humboldt,NV,1330770000,1.4
Washington,LA,1113274000,0.61
Jackson,WI,820271000,1.12
Middlesex,MA,197209394000,3.12
Phillips,MT,129651000,-0.12
Washington,KY,340036000,1.85
Alamance,NC,6882150000,1.38
Magoffin,KY,154012000,-1.28
Huntingdon,PA,1226623000,0.39
Campbell,TN,1066445000,1.02
Washington,KS,204458000,1.51
Rawlins,KS,129470000,0.64
Jackson,WV,936891000,1.17
Noble,IN,2045852000,1.55
Grafton,NH,7710924000,1.87
Nance,NE,186062000,2.76
Windham,CT,5121576000,0.94
Dougherty,GA,4820604000,-0.07
Hand,SD,220780000,2.15
San Luis Obispo,CA,18023027000,1.9
Brooks,GA,479844000,2.03
Yuma,CO,462878000,-1.02
Merrick,NE,410324000,2.67
Bartow,GA,5874786000,1.73
Daggett,UT,118162000,3.42
Clark,WI,1277227000,1.5
Sagadahoc,ME,2398061000,2.35
Clark,WA,25470739000,3.31
Randolph,AR,528533000,1.6
Bucks,PA,37589469000,1.22
Loudon,TN,2250466000,3.29
Bradley,AR,329636000,0.66
Wise + Norton,VA,1639863000,-1.16
Camas,ID,83058000,4.28
Cascade,MT,4179787000,1.54
Park,WY,1619217000,1.82
Shackelford,TX,315480000,2.96
Summit,CO,3147916000,2.01
Nicholas,WV,672911000,-1.0
Goliad,TX,300533000,-4.1
Hubbard,MN,753919000,1.3
Miami,OH,4737261000,0.96
Alamosa,CO,686499000,0.82
McCook,SD,293276000,2.51
Gallatin,MT,8543217000,5.45
Yuma,AZ,8435182000,2.22
Catoosa,GA,1797606000,1.28
Coles,IL,2644677000,0.9
Bennett,SD,110108000,2.37
Randolph,AL,494719000,0.86
Miller,GA,199147000,0.5
Southeast Fairbanks Census Area,AK,655659000,2.18
Washakie,WY,347700000,-0.1
Burleigh,ND,5858988000,2.39
Churchill,NV,1206361000,1.16
McLennan,TX,14070337000,2.25
Stevens,MN,531993000,0.25
Beaufort,SC,9791393000,2.14
Westchester,NY,90241804000,1.49
Wheatland,MT,79502000,3.24
Lumpkin,GA,970374000,2.08
Cortland,NY,1787841000,0.36
Sabine,TX,290039000,1.41
Kalamazoo,MI,16666024000,1.6
St. Francis,AR,721537000,-0.04
Caroline,VA,867160000,2.74
Sublette,WY,819068000,1.32
Boulder,CO,32931483000,2.56
Northumberland,PA,3401432000,0.65
Hodgeman,KS,139278000,5.03
Morris,KS,208496000,1.97
Charlotte,FL,6931496000,2.46
Miami,KS,1071145000,2.16
Bon Homme,SD,250724000,0.59
Burnett,WI,549363000,1.23
Rutherford,NC,1876555000,-0.04
Green,KY,164384000,-0.24
Dodge,WI,3759273000,0.83
Mora,NM,113386000,1.37
Champaign,IL,12077598000,1.41
Jefferson,AL,49903057000,0.89
Amador,CA,1659330000,0.87
Nicollet,MN,1495660000,1.33
McDowell,NC,2045572000,0.41
Nassau,NY,100089673000,0.92
Jefferson,AR,2846850000,-0.84
Crook,WY,345074000,2.4
Parke,IN,412240000,1.33
Lyman,SD,171168000,1.71
Gonzales,TX,2938995000,9.84
Miami,IN,936012000,0.09
Wheeler,TX,373920000,0.91
Dallas,TX,304515038000,2.51
Crosby,TX,253146000,3.67
Oswego,NY,6694685000,0.55
Washington,UT,8419791000,4.94
Newton,TX,485650000,3.03
Jim Wells,TX,1653705000,1.04
Beaufort,NC,1797424000,-0.17
Rapides,LA,5658355000,0.66
Gadsden,FL,1330410000,0.74
Carlton,MN,1371032000,0.61
Washington,TX,2548166000,0.97
Copiah,MS,724176000,1.12
Tyler,TX,533217000,2.36
Nelson,KY,1770249000,2.02
Saline,MO,1000245000,1.08
Buchanan,IA,827922000,1.66
Kossuth,IA,981971000,2.54
Washington,VT,3942358000,1.2
Stark,IL,255768000,2.03
Smith,TX,12494743000,2.12
Ogemaw,MI,550920000,0.25
Smith,TN,732824000,2.29
Clark,NV,142816754000,2.54
Freestone,TX,1012281000,-3.14
Clark,OH,4742358000,0.03
Fleming,KY,326112000,0.68
Treasure,MT,78837000,1.54
Jackson,AL,1596941000,-0.13
Saline,NE,1031630000,2.74
Jackson,AR,894893000,2.99
Trumbull,OH,7187843000,-0.62
Washington,WI,6766231000,1.72
Cumberland,IL,987505000,7.03
Arenac,MI,437524000,0.51
Randolph,IN,928348000,1.35
Randolph,IL,1522952000,-0.51
Dallas,IA,8031733000,8.62
Hitchcock,NE,176749000,3.42
Green Lake,WI,640394000,-0.33
Stanley,SD,132470000,1.92
Mille Lacs,MN,861629000,0.52
Woodson,KS,81730000,0.69
Yellow Medicine,MN,561042000,1.31
Pemiscot,MO,449499000,-0.31
Park,MT,661029000,1.92
Riverside,CA,98880553000,2.88
Bayfield,WI,437261000,0.73
Santa Clara,CA,390234709000,5.48
Morris,NJ,60193319000,1.23
Jackson,CO,131582000,4.86
Summit,OH,31278235000,0.9
Randolph,GA,182321000,-0.7
Powell,KY,242937000,0.33
Clallam,WA,2936919000,1.61
Whitley,IN,2050396000,4.2
Caribou,ID,764245000,-0.42
Millard,UT,1018500000,1.63
Nelson,ND,166976000,2.26
Bristol,MA,27170801000,1.07
Bolivar,MS,1080532000,-0.42
Cumberland,KY,180698000,1.46
Wheeler,OR,43506000,1.84
Kusilvak Census Area,AK,149800000,0.77
Hillsborough,FL,115772943000,3.12
Clark,SD,265976000,4.02
Lemhi,ID,301863000,1.96
Marinette,WI,1918543000,0.89
St. Louis (Independent City),MO,31984683000,0.2
Stevens,KS,334599000,-0.02
Champaign,OH,1226813000,0.86
Powell,MT,259064000,1.8
Audrain,MO,922972000,0.05
Cumberland,ME,26732301000,2.08
Wheeler,NE,90116000,2.63
Smith,MS,383376000,0.67
New York,NY,797092203000,1.97
Pocahontas,IA,471793000,2.96
Whitley,KY,1148490000,1.19
La Crosse,WI,7470222000,1.68
Tallapoosa,AL,1422123000,1.44
Jackson,FL,1406915000,0.86
Iroquois,IL,1029374000,1.27
Yellowstone,MT,9993308000,2.15
Caroline,MD,1178947000,1.89
Botetourt,VA,1444344000,2.27
Newton,MS,538509000,1.11
Dallas,MO,297278000,1.1
Otter Tail,MN,2456540000,1.32
Newton,MO,2207312000,1.65
Eureka,NV,1064756000,-0.91
Kalkaska,MI,619912000,1.69
Cowlitz,WA,5566844000,1.89
Kingman,KS,315236000,2.28
New Mexico,$ thousands,110323705000,1.75
Contra Costa,CA,78357593000,0.83
Miller,AR,1270017000,0.03
Choctaw,AL,618810000,-0.42
Jackson,GA,4436998000,4.74
Rutherford,TN,21075430000,4.65
Santa Fe,NM,7512205000,1.05
Fillmore,NE,424740000,2.29
Lyon,NV,1762249000,2.18
Jefferson,KS,372622000,0.82
Jefferson,LA,24410200000,0.74
Jefferson,KY,60907816000,1.48
Nemaha,KS,491989000,1.56
Whatcom,WA,15332005000,2.82
Cumberland,PA,17730509000,1.77
Cumberland,NC,18471055000,1.59
Lyon,MN,1593208000,0.7
Coweta,GA,5790634000,3.33
Cumberland,NJ,6438499000,0.51
Green,WI,1977741000,2.39
Comanche,KS,71049000,0.49
Houghton,MI,1212067000,0.43
Fillmore,MN,680710000,0.55
La Paz,AZ,678607000,1.13
Jefferson,MO,5124802000,0.78
Childress,TX,289231000,2.02
Windham,VT,2315994000,0.25
Cassia,ID,1624533000,2.89
Jefferson,MS,97447000,-1.34
Jefferson,MT,276561000,0.2
Wright,IA,841855000,2.25
Nemaha,NE,794929000,1.74
Okmulgee,OK,897040000,0.55
Jefferson,NE,469343000,2.13
Ventura,CA,53629861000,1.39
Cimarron,OK,259069000,4.67
Bradley,TN,4940217000,1.84
Petersburg Borough,AK,170706000,-0.32
Jefferson,NY,6434562000,1.16
Newton,IN,354299000,0.43
Watonwan,MN,442393000,-0.19
Talbot,GA,145609000,0.99
Sterling,TX,240337000,0.2
Craig,VA,111009000,1.86
Lauderdale,AL,2922201000,0.76
Gregg,TX,8348898000,1.29
Wilkin,MN,357795000,1.08
Jefferson,OK,128845000,0.45
Jefferson,OH,4181557000,1.35
Jefferson,OR,850761000,1.92
Sutton,TX,212690000,-4.96
Nicholas,KY,91829000,0.25
Canadian,OK,6930508000,5.6
Lycoming,PA,6008865000,1.75
Hillsborough,NH,30476161000,2.23
Cecil,MD,5480881000,3.34
Camp,TX,409323000,1.07
Kings,CA,7041297000,2.08
Jefferson,PA,1448238000,0.5
Motley,TX,44764000,1.27
Whitfield,GA,5966879000,0.73
Newton,GA,3185497000,2.26
Bethel Census Area,AK,687011000,1.26
Talbot,MD,2119369000,0.7
Queens,NY,107263194000,1.53
Randolph,NC,4168843000,0.06
Meade,KS,224946000,2.48
Spink,SD,467794000,2.91
Meigs,TN,270392000,2.6
Meade,KY,666561000,2.2
Kimball,NE,193315000,1.88
Hillsdale,MI,1872509000,1.52
Oakland,MI,114874085000,0.88
Park,CO,466860000,1.87
Tattnall,GA,593515000,0.94
Juab,UT,739859000,5.54
Berkeley,SC,10329692000,4.63
Chugach Census Area,AK,1341672000,1.42
Elko,NV,2707880000,1.38
Cumberland,VA,164787000,0.72
Ashland,WI,685745000,0.15
Randolph,MO,1281782000,1.16
Republic,KS,219863000,0.68
Eau Claire,WI,6591965000,2.21
Chaffee,CO,944387000,2.44
Cumberland,TN,1857446000,1.38
Nelson,VA,548723000,2.42
Modoc,CA,554727000,3.46
Kidder,ND,136115000,3.11
Cochran,TX,233166000,0.84
Tyler,WV,1413220000,8.61
Cooper,MO,490033000,0.48
Dickenson,VA,592237000,2.32
Wolfe,KY,122956000,1.13
Bristol,RI,1967028000,1.19
Siskiyou,CA,1849450000,1.36
Salem,NJ,6088692000,0.48
Boise,ID,177455000,1.19
Jefferson,CO,36744206000,1.58
Nacogdoches,TX,2812840000,1.77
Leake,MS,622007000,1.51
Edgar,IL,848907000,0.94
Kings,NY,110580419000,2.47
Dunn,WI,1803412000,1.35
Riley,KS,2986995000,1.54
Allen,KY,470693000,1.05
Allen,LA,744574000,0.42
Roanoke + Salem,VA,6415540000,0.82
Allen,KS,550597000,1.04
Comanche,TX,480878000,1.46
Gallatin,IL,151124000,-1.56
Androscoggin,ME,5383444000,1.64
Upshur,WV,781373000,0.47
Itawamba,MS,616532000,1.49
Morrow,OH,679024000,1.02
Toole,MT,409543000,3.95
Craig,OK,465278000,0.24
Currituck,NC,876170000,3.13
Cross,AR,501210000,0.56
Berkeley,WV,4487549000,2.77
Lyon,IA,960549000,4.14
Hart,KY,598024000,2.67
Newton,AR,98352000,-0.26
Chisago,MN,1729463000,1.3
Upshur,TX,857281000,-0.96
Santa Barbara,CA,31996811000,2.36
Coosa,AL,181781000,0.08
Jefferson,FL,305245000,1.27
Garza,TX,244219000,-0.47
Dewey,SD,209408000,2.11
Prairie,AR,225501000,1.15
Story,IA,5913693000,2.29
Kearny,KS,227969000,0.05
Coahoma,MS,670009000,-1.11
Jefferson,GA,521917000,0.02
Rankin,MS,7607143000,2.22
Morrow,OR,1552151000,4.08
Allen,IN,22655060000,1.65
Gallatin,KY,394823000,2.76
Allen,OH,9016944000,1.99
Rabun,GA,605814000,0.79
LaPorte,IN,4396220000,0.34
Edgecombe,NC,1574366000,-1.16
Cobb,GA,63747621000,2.42
Wichita,KS,231735000,1.83
Scott,TN,521423000,1.32
Meade,SD,990261000,2.57
Pocahontas,WV,264796000,-0.74
Owen,KY,184031000,1.12
Randolph,WV,887940000,0.16
Hale,AL,272820000,-0.28
Wallace,KS,81315000,1.14
Scott,VA,446558000,0.52
Itasca,MN,2128986000,0.54
Jefferson,ID,968754000,3.98
Sheridan,WY,1591258000,1.82
Jefferson,IA,740786000,0.3
Jefferson,IL,1754054000,0.24
Jefferson,IN,1713315000,1.65
Yalobusha,MS,312425000,1.21
Nassau,FL,3797201000,3.19
Hart,GA,903030000,1.44
San Patricio,TX,3105839000,1.56
Comanche,OK,5258949000,1.26
Owen,IN,612523000,2.06
Crook,OR,1293008000,3.72
Oconto,WI,984634000,0.49
Ashland,OH,1846544000,0.51
Major,OK,568626000,2.52
Lyon,KS,1536126000,0.94
Lyon,KY,246162000,0.45
Barnstable,MA,14483670000,0.8
Benton,AR,19712755000,4.45
Muhlenberg,KY,1167632000,-0.21
Casey,KY,344675000,1.15
Golden Valley,ND,65370000,1.84
Dundy,NE,177606000,4.34
Eastland,TX,766362000,1.41
Cochise,AZ,4969525000,1.35
Carroll,AR,869730000,0.98
Golden Valley,MT,25397000,2.2
Linn,OR,5130128000,1.55
Portage,WI,4274207000,1.67
Schoharie,NY,1007395000,0.49
Banks,GA,474502000,2.13
Taney,MO,2824240000,1.85
Kershaw,SC,2354372000,2.12
Yolo,CA,15555485000,1.93
Scott,IA,10401105000,1.48
Haywood,NC,1951424000,1.14
San Benito,CA,2273410000,1.36
Alger,MI,262200000,-0.59
Bandera,TX,402255000,1.82
Boyd,NE,115696000,3.18
Lauderdale,TN,679426000,0.5
Scott,IL,151463000,0.34
Scott,IN,717434000,0.85
Stonewall,TX,131368000,2.47
Calhoun,MS,277419000,-0.59
Clarendon,SC,689073000,0.36
Shenandoah,VA,1682095000,1.34
Wallowa,OR,384205000,1.5
Hancock,TN,109602000,1.37
Linn,MO,404525000,0.66
Lubbock,TX,15144655000,1.93
Stearns,MN,9293477000,1.61
McMinn,TN,2209004000,1.73
Fannin,GA,924354000,2.84
Forest,WI,319997000,0.68
McKenzie,ND,3421868000,14.32
Sumter,SC,4474617000,1.37
Vermilion,LA,1374251000,-3.81
Sunflower,MS,712284000,-0.71
DeSoto,FL,1079903000,1.68
Scott,KY,3471923000,1.83
Lawrence,AR,443928000,0.37
Scott,KS,380077000,2.03
Greenville,SC,36190809000,1.59
Lawrence,AL,627737000,-0.71
Cayuga,NY,3020680000,1.1
Barnes,ND,695491000,2.72
Linn,KS,487297000,0.67
Wagoner,OK,1452948000,2.91
Scott,MN,7791777000,2.83
Scott,MO,1718224000,1.54
Ouachita,AR,669597000,0.5
Wichita,TX,6048425000,0.62
Garland,AR,3654803000,1.29
Liberty,FL,370019000,3.77
Calhoun,IL,92688000,-0.17
Thurston,WA,16194463000,2.42
Scott,MS,1069790000,1.79
Linn,IA,17227849000,2.46
Calhoun,MI,7197440000,0.78
Panola,MS,1104627000,0.81
Vermilion,IL,3262640000,0.36
Liberty,GA,3910016000,1.96
Hancock,WV,942454000,-0.86
Duval,FL,79935863000,2.25
Osceola,MI,804299000,0.56
Campbell + Lynchburg,VA,7482320000,0.82
Converse,WY,1600158000,3.75
Dewey,OK,742089000,6.56
Kewaunee,WI,689681000,0.5
Sheridan,ND,62984000,2.35
Sheridan,NE,318938000,3.72
Halifax,VA,1177655000,-0.93
Sheridan,MT,166278000,0.98
Rosebud,MT,758297000,-2.11
Alameda,CA,150532046000,2.42
Muskogee,OK,2854516000,0.09
Greenwood,SC,3449300000,1.09
Perquimans,NC,300668000,1.32
Boyd,KY,2906677000,0.47
Ward,ND,3837862000,2.31
Auglaize,OH,2650393000,1.99
Tompkins,NY,6140288000,0.93
Calhoun,GA,112194000,-1.57
Hancock,MS,1828268000,1.3
Glasscock,TX,3697934000,13.24
DeSoto,MS,7078157000,3.37
Nome Census Area,AK,460730000,1.52
Greenwood,KS,177441000,0.53
Chenango,NY,2299265000,1.43
Meigs,OH,393956000,-1.28
Charleston,SC,36832956000,3.24
Coleman,TX,233132000,0.58
Calhoun,FL,341706000,1.22
De Soto,LA,2694250000,4.67
Hartley,TX,875605000,4.75
Caswell,NC,354490000,0.43
Scott,AR,333594000,1.35
LaMoure,ND,305672000,3.18
Sheridan,KS,182027000,2.24
Hancock,ME,2738772000,0.46
Levy,FL,1124365000,2.09
Upton,TX,5905832000,10.37
Calhoun,IA,427098000,1.96
Telfair,GA,268469000,-0.27
Osceola,IA,379581000,1.5
Hancock,KY,878191000,1.68
Newport News (Independent City),VA,15777786000,2.47
Crockett,TX,665993000,-0.58
Sussex,DE,15224189000,2.24
Gibson,TN,1541889000,0.52
Crockett,TN,575253000,2.27
Clearfield,PA,3122740000,0.57
Snohomish,WA,49976303000,2.84
Rolette,ND,392317000,0.94
Wythe,VA,1549669000,2.82
Crowley,CO,116733000,-1.44
Chase,KS,124425000,2.03
Rockland,NY,18494167000,0.29
Liberty,MT,257262000,8.37
Switzerland,IN,244489000,-0.24
Page,VA,648049000,0.06
Transylvania,NC,1787759000,2.27
Bradford,PA,4691583000,4.7
Burke,ND,227925000,7.04
Taliaferro,GA,29027000,1.08
Prince George's,MD,48649645000,1.39
Burke,NC,2742837000,-0.39
Knott,KY,209998000,-5.71
Ward,TX,3823574000,7.0
Calhoun,AL,4764871000,1.06
Calhoun,AR,330897000,0.2
Wilson,KS,323292000,0.5
Neosho,KS,612619000,0.77
Chouteau,MT,331841000,5.18
Shiawassee,MI,1848724000,0.63
Sumter,FL,5621636000,7.66
Arapahoe,CO,54078395000,1.72
Yadkin,NC,932072000,1.06
St. Mary,LA,2877217000,0.43
Chase,NE,330167000,3.38
Catron,NM,111376000,1.53
Panola,TX,2167161000,0.05
Haywood,TN,696049000,0.01
Eagle,CO,5071876000,2.01
Halifax,NC,1409905000,-0.22
Sumter,GA,971974000,-0.65
Williamsburg,SC,733565000,-0.36
Lauderdale,MS,3541660000,0.89
Osceola,FL,14415205000,4.29
Hancock,OH,5418098000,1.47
Worcester,MD,2957157000,1.01
Worcester,MA,46807136000,1.51
Metcalfe,KY,198137000,0.86
Northwest Arctic Borough,AK,577646000,0.0
Maui + Kalawao,HI,9714929000,1.8
Smith,KS,195493000,1.65
Muskegon,MI,6493351000,0.65
Cleburne,AL,327927000,-0.13
Adair,OK,436259000,0.11
Beadle,SD,977507000,2.03
Belknap,NH,3077600000,0.52
Cleburne,AR,653112000,1.92
St. Clair,AL,2113414000,1.99
Sherman,NE,128721000,2.69
Mason,MI,1029011000,0.62
Lawrence,TN,1148615000,0.56
St. Louis,MO,91847187000,1.3
St. Louis,MN,11012246000,0.87
Minidoka,ID,929267000,1.64
Summit,UT,4604128000,4.38
Yavapai,AZ,8387833000,2.2
Gooding,ID,1161920000,2.81
Kemper,MS,286202000,2.6
Morris,TX,646714000,0.92
Mower,MN,2370640000,2.19
Mercer,WV,1760807000,0.01
Izard,AR,294660000,0.67
Sherman,OR,547454000,1.3
Carroll,TN,724378000,0.68
Erath,TX,1807296000,2.14
Lawrence,SD,1398173000,2.53
Sutter,CA,3915978000,1.91
Dallas,AR,239044000,0.56
Redwood,MN,1057182000,2.27
Stark,ND,2835524000,5.69
Dallas,AL,1344905000,-0.07
Ouachita,LA,7254241000,1.14
Yamhill,OR,3921543000,1.99
Roane,WV,299079000,0.7
Page,IA,636541000,0.91
Kiowa,OK,225878000,-0.33
Iredell,NC,10764429000,2.83
Bertie,NC,596539000,-2.06
Conecuh,AL,383453000,1.77
Clark,IL,520657000,2.07
Clark,ID,39081000,-0.87
Faulk,SD,140407000,3.3
Stark,OH,17585061000,0.65
Washita,OK,354581000,0.74
Trigg,KY,296525000,0.6
Cambria,PA,4905627000,0.08
Carroll,MS,101956000,-1.37
Pipestone,MN,683865000,2.29
Winn,LA,568235000,1.97
Clark,IN,5930137000,1.95
Adair,KY,401269000,1.19
Carroll,NH,2436876000,0.56
Menifee,KY,92195000,0.94
Gilchrist,FL,421677000,2.7
Mercer,PA,4314908000,0.48
Robertson,TN,2717207000,3.17
Tarrant,TX,133198886000,2.82
Sussex,VA,327521000,-0.13
Mason,IL,450786000,-0.29
Carroll,OH,1567511000,6.27
Issaquena,MS,27998000,-1.87
Yell,AR,607756000,0.78
Lawrence,PA,3301974000,0.82
Wapello,IA,1720335000,0.55
Keweenaw,MI,63374000,0.36
Treutlen,GA,103731000,0.58
York,SC,14303098000,3.53
Clark,KY,1534534000,0.94
Clark,KS,216834000,4.74
Plymouth,MA,27762507000,1.56
Lawrence,OH,1935329000,3.16
Adair,MO,856741000,0.35
Jay,IN,1052466000,2.75
Sharp,AR,392973000,1.34
Spotsylvania + Fredericksburg,VA,7328004000,2.16
Roane,TN,2778540000,1.93
Oscoda,MI,231107000,0.34
Rains,TX,248778000,2.07
Saratoga,NY,11999733000,1.95
Sherman,KS,322253000,0.94
Piscataquis,ME,643090000,1.32
Dickens,TX,104177000,1.38
Troup,GA,3900318000,1.49
Osborne,KS,198611000,1.89
Clark,MO,166743000,1.69
Kiowa,KS,114986000,0.23
Maverick,TX,2021842000,3.1
Buckingham,VA,505722000,2.3
Mason,KY,1257681000,2.15
Carroll,IN,690943000,0.97
Montague,TX,646531000,3.19
Forest,PA,221553000,1.64
Calhoun,WV,121609000,-0.23
Lawrence,MO,947786000,1.38
Curry,NM,3246156000,2.32
Zavala,TX,804738000,9.02
Lawrence,MS,348875000,0.52
Rhode Island,$ thousands,63277041000,0.96
St. Clair,IL,12481020000,1.24
Avoyelles,LA,949990000,1.01
Mason,TX,133027000,2.88
Barron,WI,2193015000,1.05
Isle of Wight,VA,1615648000,-1.68
Mercer,MO,106381000,0.98
Portage,OH,6795220000,1.24
Carver,MN,6058226000,3.2
Adair,IA,500394000,2.68
York,PA,22246746000,1.37
Mercer,KY,835839000,0.99
Forsyth,GA,11932381000,4.62
Stutsman,ND,1387801000,2.13
Cache,UT,6711750000,3.7
Henderson,TN,776437000,0.07
Graves,KY,1290645000,0.6
Santa Cruz,AZ,2047319000,1.81
Manatee,FL,19186221000,2.83
Henderson,TX,2004026000,0.2
Dawson,GA,1039479000,3.38
Red Lake,MN,176908000,2.33
Plymouth,IA,1569701000,2.22
Lawrence,KY,411484000,-0.34
Skagit,WA,6670384000,1.3
Mercer,OH,2612684000,3.18
Alleghany + Covington,VA,847265000,0.0
Carroll,KY,1869655000,3.51
Chicot,AR,274888000,-0.59
Mono,CA,1178510000,1.87
Robertson,TX,2488311000,4.89
Carteret,NC,2733205000,1.6
Stevens,WA,1276084000,1.32
Mason,WA,1834408000,1.7
Hawaii,HI,8774703000,2.05
Santa Cruz,CA,16488399000,1.43
Miller,MO,735707000,1.13
Curry,OR,746455000,1.23
Pecos,TX,2337916000,0.75
Mercer,ND,889289000,0.46
El Dorado,CA,8833331000,1.96
Fauquier,VA,3022166000,2.05
Mason,WV,738188000,-0.18
Pueblo,CO,6881755000,1.53
Carroll,MD,6678160000,1.7
Mercer,NJ,44411940000,2.26
York,NE,976164000,2.42
Crawford,WI,711117000,1.25
Carroll,MO,338477000,1.35
Clark,AR,799464000,0.28
Wise,TX,3521247000,2.2
Thurston,NE,521171000,3.75
Bates,MO,456676000,0.97
Lawrence,IN,1488721000,0.78
Bond,IL,598697000,1.38
Lawrence,IL,487412000,1.37
St. Clair,MO,201731000,0.48
Calhoun,SC,626831000,1.79
York,ME,10112682000,1.91
Ochiltree,TX,926669000,2.56
Hettinger,ND,69139000,-1.85
Appanoose,IA,393687000,0.67
Fresno,CA,47612742000,2.11
St. Clair,MI,6038254000,0.54
Mercer,IL,424760000,1.47
Tillamook,OR,1183745000,1.67
Garrard,KY,295918000,1.27
Carroll,GA,6746661000,3.62
Sargent,ND,1086826000,5.48
Sussex,NJ,5375269000,0.85
Montour,PA,2178383000,2.19
Aleutians West Census Area,AK,740425000,3.62
Goshen,WY,493298000,0.35
Wibaux,MT,43450000,1.68
Calhoun,TX,3556934000,2.9
Vilas,WI,936756000,0.69
Gordon,GA,2463741000,1.79
Titus,TX,2059600000,-0.98
Etowah,AL,3002919000,0.22
Marengo,AL,822370000,0.83
Sarasota,FL,26223346000,2.86
Geary,KS,2847226000,2.23
Dawson,MT,396732000,1.01
Llano,TX,896144000,2.98
Carroll,IA,1355124000,1.85
Kiowa,CO,97689000,0.12
Carroll,IL,564549000,0.74
Schley,GA,114050000,-0.11
Sampson,NC,1758379000,-0.62
Crawford,OH,1339117000,-0.36
Matanuska-Susitna Borough,AK,3225633000,3.35
Garfield,MT,48085000,0.51
Franklin,LA,497508000,1.51
McDonald,MO,789415000,1.64
Sebastian,AR,7271760000,0.89
Dawson,NE,1720014000,2.61
Wilkinson,GA,529402000,-0.93
Crawford,PA,2918572000,0.44
Quitman,GA,31965000,-0.87
Shannon,MO,143648000,0.16
Vance,NC,1244886000,-0.86
Schuylkill,PA,4976116000,0.44
Henderson,KY,2171778000,0.51
Foster,ND,269906000,3.07
Wood,TX,1582826000,2.27
Lampasas,TX,555598000,1.5
Flagler,FL,3965282000,4.73
Franklin,KY,3439911000,0.86
Belmont,OH,2801859000,1.79
Schenectady,NY,9242724000,0.63
Payne,OK,3546777000,2.24
Franklin,KS,873801000,1.2
Columbus,NC,1473977000,0.02
Carbon,PA,2648835000,3.27
Garfield,NE,87380000,2.31
St. Martin,LA,1417857000,2.88
Power,ID,433698000,-1.17
Lewis,TN,341397000,2.68
Crawford,MI,453997000,0.53
Crawford,MO,738930000,1.67
Box Elder,UT,2876086000,2.32
Powhatan,VA,908893000,2.31
Attala,MS,531911000,0.55
Presidio,TX,259174000,2.1
Solano,CA,29643413000,2.69
Franklin,ID,470685000,3.24
Louisa,VA,2247984000,2.04
Franklin,IA,614966000,2.56
Carbon,MT,384861000,3.02
Thomas,NE,33717000,2.53
Del Norte,CA,844062000,1.08
Dare,NC,2454965000,1.39
Valley,MT,304515000,0.75
Franklin,IL,969829000,0.55
Franklin,IN,562803000,0.91
Sweetwater,WY,3414965000,-0.32
Chesapeake (Independent City),VA,11626372000,1.87
Newaygo,MI,1621830000,1.9
Waseca,MN,872591000,1.88
Isanti,MN,1196217000,1.4
Davison,SD,1311195000,2.04
Arlington,VA,41158444000,2.27
Crawford,KS,1646436000,1.23
Bath,VA,239209000,0.6
Zapata,TX,586267000,-5.88
Van Zandt,TX,1441503000,1.56
Gilpin,CO,724691000,0.55
Lewis,MO,245245000,0.46
San Jacinto,TX,378294000,1.7
Lassen,CA,1142546000,0.91
Traverse,MN,241941000,3.47
Stillwater,MT,539528000,-0.37
Norman,MN,192057000,-1.78
Franklin,OH,109281419000,1.88
Nantucket,MA,1519088000,0.75
Franklin,PA,6348981000,1.69
Ohio,WV,3851528000,2.16
Platte,NE,2910897000,3.34
Lonoke,AR,1538404000,1.76
Cedar,NE,468107000,1.71
Hendricks,IN,7751155000,3.98
Crawford,IA,812843000,1.35
Graham,KS,171650000,2.4
Dawson,TX,983397000,2.98
Franklin,NE,115265000,1.46
Crawford,IL,1083100000,-1.09
El Paso,TX,37936526000,2.5
Emmet,IA,346032000,-0.19
Franklin,NC,2067922000,3.24
Crawford,IN,194233000,0.47
Franklin,NY,2072656000,1.18
Garfield,OK,3088603000,2.45
Sanilac,MI,1288840000,1.09
Franklin,MO,5001462000,1.51
Concordia,LA,586711000,0.89
Franklin,ME,1138827000,-0.11
Wood,OH,8162159000,2.15
Valley,ID,592687000,3.0
Henderson,NC,4587431000,1.52
Franklin,MA,2988888000,0.52
Logan,OH,2102029000,0.98
Logan,OK,963342000,3.37
Platte,MO,7648431000,3.02
Cedar,MO,322563000,1.01
Lewis,NY,1219155000,2.38
Hamblen,TN,3623425000,1.63
Forsyth,NC,27325022000,0.9
Franklin,MS,207644000,1.98
Minnehaha,SD,16102745000,2.34
Delaware,PA,34713305000,1.3
Crawford,GA,156674000,0.17
Wyandot,OH,1099727000,0.95
Logan,ND,112823000,2.45
Franklin,TN,1340328000,1.64
Logan,NE,33752000,2.35
Steele,ND,175438000,3.7
Stokes,NC,1211370000,-0.14
Garfield,UT,343301000,3.49
Boone,WV,611686000,-4.51
Spokane,WA,30682043000,2.35
Franklin,TX,479858000,2.51
Hamlin,SD,298133000,3.59
Skagway-Hoonah-Angoon Census Area,AK,-1,0.86
Cotton,OK,169506000,2.64
Crisp,GA,1006841000,1.66
Volusia,FL,21986706000,2.25
Oklahoma,OK,56681593000,1.83
Carbon,WY,1372720000,2.83
Thomas,GA,2355768000,0.94
Gilmer,GA,1019444000,1.5
Delaware,NY,2298982000,1.78
Garfield,WA,146995000,2.42
Cabell,WV,5162654000,1.08
Yancey,NC,425920000,0.47
Barnwell,SC,481361000,-0.7
Delaware,OH,14702746000,5.53
Gosper,NE,112057000,2.78
Clatsop,OR,2022457000,1.66
Marquette,WI,403152000,0.63
Escambia,AL,1279587000,0.33
Delaware,OK,1028925000,1.63
Grimes,TX,1158490000,-0.12
Bowie,TX,3865689000,0.8
Dixon,NE,367960000,3.34
Hopkins,KY,1912179000,1.02
Moffat,CO,1003615000,-0.31
Logan,KY,1142686000,1.75
Carbon,UT,908617000,-0.88
Logan,KS,165949000,1.9
Laclede,MO,1654847000,2.48
Hardee,FL,1156610000,2.08
Webb,TX,12970009000,2.66
Licking,OH,8043324000,1.71
Addison,VT,1738560000,1.58
Baker,OR,607108000,1.22
Ouray,CO,254150000,2.15
St. Joseph,MI,2232753000,0.6
Suwannee,FL,1542844000,2.45
Assumption,LA,504452000,-2.59
Valley,NE,304033000,2.38
Larue,KY,219291000,0.48
Bay,FL,10140163000,2.2
Arkansas,AR,1100682000,1.67
Henderson,IL,179187000,1.26
Okanogan,WA,1747565000,2.41
Logan,IL,1057858000,1.21
Humphreys,MS,187507000,-1.69
Doa Ana,NM,8537154000,2.13
Fairfax,Fairfax City + Falls Church,146733771000,2.97
Burt,NE,323323000,2.23
Ness,KS,212760000,3.02
Robertson,KY,30228000,0.34
Clackamas,OR,23399634000,2.51
Strafford,NH,6441921000,1.52
Thomas,KS,689630000,2.8
Tippecanoe,IN,10924881000,2.26
Louisa,IA,769295000,1.32
Ralls,MO,673421000,3.42
Orangeburg,SC,2793661000,0.09
Franklin,VT,2066969000,1.58
King and Queen,VA,140381000,0.54
Chattooga,GA,544860000,-0.37
Deer Lodge,MT,331833000,1.95
Portsmouth (Independent City),VA,6137732000,1.14
Bath,KY,205484000,1.01
Red Willow,NE,594981000,1.58
Lewis,WV,569276000,1.28
Ross,OH,3100494000,1.15
Franklin,WA,4012944000,3.1
Merced,CA,9548937000,2.13
Crawford,AR,1680451000,0.77
Teller,CO,1030558000,1.79
St. Joseph,IN,14975120000,1.16
Dauphin,PA,22872011000,1.35
Delaware,IN,4336147000,-0.16
Steele,MN,2223494000,1.27
Lewis,WA,3939309000,1.51
Franklin,VA,1668223000,1.46
Graham,AZ,1249375000,3.14
Baca,CO,211301000,0.43
Delaware,IA,944374000,2.75
Marquette,MI,2895594000,0.5
Napa,CA,11412110000,1.73
Rogers,OK,3485200000,1.62
Klickitat,WA,2031896000,5.95
Montgomery,IA,423925000,0.3
Baker,FL,774660000,2.21
Cheshire,NH,4022553000,1.24
Miner,SD,143630000,2.33
Montgomery,IL,1201183000,0.28
Montgomery,IN,1882560000,1.34
Perry,KY,999213000,-1.65
Niobrara,WY,118556000,1.87
Platte,WY,557581000,0.98
Chelan,WA,5470834000,2.55
Atascosa,TX,3586352000,7.36
Isabella,MI,2548155000,0.92
Grand Forks,ND,4126070000,1.62
Sandoval,NM,4401759000,3.44
Armstrong,PA,1992028000,-0.72
Pope,MN,524630000,2.35
Hickory,MO,178552000,2.19
Blaine,OK,1574103000,6.73
Sumter,AL,332733000,0.02
Garden,NE,77513000,1.89
West Feliciana,LA,870155000,-0.42
Gaston,NC,8460497000,1.41
Logan,CO,1104295000,0.99
Montgomery,KS,2037902000,1.69
Labette,KS,803553000,0.71
Lac qui Parle,MN,325390000,1.0
Richardson,NE,372164000,0.91
McCracken,KY,5106986000,1.33
Baker,GA,60450000,-1.48
Jerome,ID,1333618000,2.58
Montgomery,KY,1072007000,1.82
Perry,MO,903069000,1.45
Liberty,TX,2512302000,1.47
Macomb,MI,42989560000,1.1
McPherson,KS,2007929000,1.4
Luna,NM,904129000,2.25
Perry,MS,293559000,0.6
Bell,TX,19016076000,2.56
Harney,OR,351439000,2.84
Lavaca,TX,1311739000,1.3
Pearl River,MS,1141163000,1.05
Andrew,MO,308512000,0.88
Hancock,IN,3761571000,3.68
Kitsap,WA,14063625000,1.86
Hancock,IL,596329000,1.03
Parker,TX,5661099000,5.09
Burke,GA,2749854000,3.11
Montgomery,MD,95022737000,1.96
Fluvanna,VA,889257000,3.12
Tipton,IN,657663000,1.93
Logan,AR,463017000,0.0
Escambia,FL,18157767000,1.49
Otero,CO,550575000,-0.46
Montgomery,MO,366081000,0.89
Chariton,MO,296937000,1.26
Perry,PA,996501000,1.01
Boone,KY,12390860000,2.85
Montgomery,MS,202257000,-0.33
Barton,KS,1292914000,1.57
McIntosh,OK,381272000,0.78
Hancock,IA,897652000,2.74
Montgomery,NC,1135582000,1.55
Perry,OH,728029000,0.49
Nodaway,MO,750826000,0.41
Beaverhead,MT,455642000,1.93
Laurel,KY,2274446000,1.26
Bossier,LA,5719967000,1.42
Humphreys,TN,874018000,0.41
Montgomery,NY,1963503000,1.02
Pope,IL,59996000,-0.52
Boone,MO,10266814000,1.87
Pepin,WI,287208000,1.45
Montgomery,OH,31077701000,0.53
Tucker,WV,319694000,1.75
Fannin,TX,1058428000,1.5
Armstrong,TX,64460000,1.15
Cuming,NE,846103000,2.64
Yoakum,TX,1983345000,1.36
Broomfield,CO,10207031000,6.91
Terrell,TX,56969000,-7.9
Seward,KS,1285571000,1.38
Montgomery,PA,89401864000,1.69
Boone,NE,471551000,3.08
Lamoille,VT,1252525000,1.55
Barton,MO,409870000,0.22
Pickaway,OH,2076724000,0.71
Hancock,GA,152102000,0.4
Patrick,VA,404359000,-0.48
Sanpete,UT,1098174000,3.48
St. Charles,MO,20406941000,3.45
Duval,TX,326178000,-3.71
Lorain,OH,11177496000,0.51
Coconino,AZ,8001256000,1.72
Blaine,ID,1891730000,1.79
Perry,TN,177786000,0.08
Day,SD,303801000,2.98
Mellette,SD,49568000,2.09
McKinley,NM,2275793000,-0.5
Athens,OH,2093540000,0.69
Ellis,OK,863228000,9.01
Ohio,KY,832071000,1.78
Lewis,ID,166964000,2.35
Oglethorpe,GA,328870000,2.06
Sioux,IA,2577309000,2.86
St. Charles,LA,8921067000,2.12
Edwards,TX,81642000,-3.93
Randall,TX,4568173000,2.87
Washoe,NV,32124910000,1.68
Pope,AR,3165510000,1.12
Clarke,AL,850844000,0.6
Gunnison,CO,1225711000,0.83
McIntosh,ND,121642000,1.09
Hoonah-Angoon Census Area,AK,108503000,3.17
Monona,IA,383764000,1.63
Cape May,NJ,6149852000,1.02
Emmet,MI,1966880000,1.35
Lewis,KY,198358000,0.82
Surry,NC,2630298000,-0.02
McCreary,KY,261087000,-0.11
Garfield,CO,3837815000,3.46
Boone,IA,1040805000,0.94
Bell,KY,746751000,-0.39
Boone,IL,1677996000,1.0
Johnston,OK,544868000,4.53
Bartholomew,IN,6847408000,2.48
Boone,IN,4384492000,4.92
Tipton,TN,1322807000,1.21
Cedar,IA,629905000,1.45
Ohio,IN,113603000,-4.46
Wrangell City and Borough,AK,94748000,1.82
Lea,NM,8531127000,5.13
McPherson,SD,109720000,1.72
Montgomery,TN,7136059000,3.29
Franklin,AR,455031000,0.23
Franklin,AL,985317000,0.84
Twin Falls,ID,4492281000,2.85
Crenshaw,AL,450012000,2.11
Lucas,OH,26121534000,0.43
Johnston,NC,8331629000,3.01
Montgomery,TX,37046507000,6.3
Hempstead,AR,960918000,1.52
Carter,OK,3029955000,3.22
Slope,ND,17070000,-2.31
Yakutat City and Borough,AK,36830000,0.53
Prowers,CO,534509000,0.12
Blaine,MT,196233000,1.1
Crow Wing,MN,3007898000,0.72
Weston,WY,317107000,0.95
Franklin,GA,972751000,1.89
Shoshone,ID,690255000,2.55
McIntosh,GA,221120000,0.39
Watauga,NC,2391073000,1.62
Carter,MT,43096000,1.12
Blaine,NE,32659000,3.33
Aitkin,MN,480680000,0.7
Lucas,IA,266695000,0.65
Carter,MO,127607000,0.56
Queen Anne's,MD,2077194000,2.03
Merrimack,NH,10392468000,0.75
Ida,IA,626486000,2.7
McPherson,NE,28502000,7.11
Woodbury,IA,5531457000,0.5
Rockingham + Harrisonburg,VA,8287227000,0.51
Muskingum,OH,4092844000,1.06
Ogle,IL,2984539000,0.73
Arthur,NE,21940000,5.22
Quitman,MS,98841000,-2.98
Gladwin,MI,470332000,-0.05
Franklin,FL,376936000,0.76
Camden,GA,2035803000,0.45
Turner,GA,206281000,-0.64
Wood,WI,4116121000,0.56
Conway,AR,734272000,2.35
Wood,WV,3717276000,0.07
Bladen,NC,1416967000,-1.68
Saginaw,MI,8934115000,0.36
Elk,PA,1309393000,0.11
Carter,KY,504300000,0.45
Cottle,TX,109044000,1.36
Ellis,TX,7787990000,3.32
Knox,TN,32606852000,2.52
Hamilton,NE,716614000,3.98
Harrison,IA,535290000,1.65
Aiken,SC,7345821000,0.79
Sweet Grass,MT,208458000,-0.46
Kenedy,TX,242735000,-2.86
Stanislaus,CA,24067824000,1.64
Harrison,IN,1239291000,0.65
Pottawattamie,IA,4552586000,1.45
Santa Rosa,FL,5826688000,3.34
Greene,VA,501088000,1.03
Hamilton,NY,235759000,1.03
Dunn,ND,1744629000,16.75
Pottawatomie,OK,2221211000,1.03
Brule,SD,275363000,2.15
Tolland,CT,5417077000,0.54
Macoupin,IL,1148865000,-0.31
Greene,TN,2507304000,0.87
Houston,TX,944423000,1.92
Marion,OR,18291247000,2.27
Hamilton,OH,84987740000,1.11
Breathitt,KY,234667000,-1.44
Keokuk,IA,336576000,1.46
Warren,VA,1831575000,2.56
Gulf,FL,492965000,1.76
Morgan,TN,363440000,1.38
San Francisco,CA,237017759000,3.96
Marion,OH,2663438000,0.39
Houston,TN,156913000,1.4
Kankakee,IL,7040527000,2.67
Gilliam,OR,341056000,5.23
Marion,MS,817294000,1.72
Steuben,NY,4723931000,0.3
Lafourche,LA,4364179000,0.58
Jewell,KS,130802000,1.71
Dorchester,SC,4991044000,3.5
Elmore,AL,2161855000,2.6
Marion,MO,1249377000,0.42
Morgan,UT,398655000,3.96
Colorado,TX,941964000,0.83
Clinch,GA,220585000,0.9
Iowa,IA,964151000,0.98
Dane,WI,48999812000,2.6
Camden,NJ,26562641000,0.87
Ketchikan Gateway Borough,AK,879702000,0.45
Kandiyohi,MN,2208229000,1.25
Appling,GA,1778298000,2.23
New Kent,VA,659466000,3.78
Camden,NC,182171000,0.7
Marshall,IL,461233000,0.95
Marshall,IN,1726578000,0.71
Rowan,NC,5968525000,1.3
Davidson,NC,5267327000,0.92
Mississippi,AR,3823662000,3.01
Edwards,IL,279408000,1.32
Van Wert,OH,1349499000,1.35
Collier,FL,25133932000,2.75
Okeechobee,FL,2123213000,4.04
Duchesne,UT,1470702000,5.37
Harding,NM,36554000,-2.95
Marion,KS,401797000,1.72
Marshall,IA,1772838000,0.09
Keith,NE,406061000,2.03
Carlisle,KY,188897000,3.4
Morgan,WV,296122000,-0.09
Clayton,IA,850637000,2.12
Camden,MO,1733853000,1.24
Marion,KY,934829000,3.62
Fort Bend,TX,36644969000,4.75
Freeborn,MN,1281661000,0.88
O'Brien,IA,898626000,2.52
Steuben,IN,1511050000,1.21
Hamilton,TN,28980605000,2.06
Rooks,KS,217986000,1.23
Apache,AZ,2209495000,0.06
Edwards,KS,167344000,1.48
Hamilton,TX,287600000,1.03
Braxton,WV,303588000,0.11
Murray,GA,1496145000,2.35
Hall,TX,95176000,0.24
Ellis,KS,1738049000,2.22
Perry,AR,186884000,1.67
Glenn,CA,1031970000,0.85
Pontotoc,OK,2196596000,3.12
Clayton,GA,20759302000,2.48
Perry,AL,204764000,0.23
Marion,IL,1331300000,0.08
Marion,IN,106819869000,1.59
Knox,TX,262516000,3.43
Somerset,ME,1802108000,0.42
Fountain,IN,576236000,1.56
Suffolk,MA,151981903000,2.02
Meriwether,GA,649474000,0.92
Person,NC,1431325000,-0.83
Harding,SD,47771000,0.43
Marshall,MS,862414000,2.08
Lane,KS,151780000,3.51
Knox,KY,641557000,0.31
Jefferson,TN,1748540000,1.39
Jefferson,TX,18212967000,-0.16
St. Tammany,LA,13057249000,3.52
Somerset,NJ,45872054000,2.5
Trego,KS,182719000,3.12
Dorchester,MD,1321022000,0.48
King William,VA,529550000,0.81
Marion,WV,2300888000,1.08
Milam,TX,722426000,-1.59
Gila,AZ,1761201000,0.85
Otero,NM,2901741000,1.06
Marshall,MN,384573000,1.8
Seward,NE,821696000,2.19
Houston,MN,591568000,1.35
Lagrange,IN,1938105000,3.22
Deaf Smith,TX,1700261000,2.73
Morgan,KY,282920000,0.74
Shasta,CA,8742908000,1.23
Pondera,MT,301426000,3.38
Cherokee,SC,1808849000,0.22
Musselshell,MT,337296000,6.68
Citrus,FL,5072824000,1.31
Marshall,KS,555505000,2.01
Tillman,OK,152106000,-0.99
Knox,IL,1736146000,-0.63
Broome,NY,9026669000,0.43
Somerset,PA,2325667000,-0.02
Defiance,OH,1736852000,0.19
Suffolk,NY,105751656000,1.66
Marshall,KY,1394413000,0.85
Knox,IN,1903915000,1.12
Morgan,MO,579947000,1.63
Deuel,NE,80904000,1.24
Jefferson,WA,1377253000,2.2
Mountrail,ND,1774863000,12.64
Turner,SD,453668000,2.87
Towns,GA,416649000,2.03
Jefferson,WI,3672417000,0.75
Cape Girardeau,MO,4292056000,1.38
Fairfield,OH,5029499000,1.82
St. Helena,LA,205351000,1.15
Morrill,NE,328848000,3.82
McDonough,IL,1110554000,-0.05
Mahaska,IA,870010000,1.54
Oregon,MO,210889000,0.43
Jefferson,WV,2019688000,2.67
Marion,TX,284063000,-0.4
Callahan,TX,409835000,2.77
Burleson,TX,1053186000,3.11
Cherokee,TX,1527050000,0.47
Waukesha,WI,32821351000,1.7
Gallia,OH,2142044000,-0.03
Lane,OR,18136369000,1.8
Knox,OH,2262632000,1.65
Thayer,NE,434411000,2.8
Morgan,OH,375642000,1.15
Marion,TN,871426000,2.16
Young,TX,1152963000,2.25
Midland,TX,32680851000,7.75
Hendry,FL,1399197000,0.39
Evangeline,LA,936274000,1.26
Terrebonne,LA,5525959000,-1.04
Ector,TX,13041630000,4.03
Warrick,IN,2690518000,2.73
Wetzel,WV,1069209000,6.94
Knox,NE,666307000,4.14
Latimer,OK,288018000,-3.67
Wicomico,MD,5451770000,2.01
Knox,MO,131760000,0.08
Marion,SC,626511000,-0.74
Walton,GA,3039385000,2.75
Quay,NM,283466000,0.07
Knox,ME,2021203000,0.61
Prairie,MT,43514000,1.28
Marshall,OK,592068000,3.95
Ravalli,MT,1347507000,2.22
Mathews,VA,188556000,-0.11
Pointe Coupee,LA,784186000,-4.07
Perry,IL,628861000,0.84
Mobile,AL,23187207000,1.77
Oktibbeha,MS,2003967000,1.75
Houston,GA,7582120000,1.82
Walton,FL,4720447000,5.46
Winkler,TX,1655686000,4.56
Fairfield,SC,1087273000,0.96
Perry,IN,930525000,3.19
Pratt,KS,574584000,2.52
Hays,TX,10939214000,5.3
Somerset,MD,797479000,0.63
Cherokee,IA,810264000,2.25
Pittsylvania + Danville,VA,3695079000,-0.36
Calaveras,CA,1472506000,1.28
Black Hawk,IA,7953333000,1.33
Deuel,SD,407190000,5.87
Sequoyah,OK,757662000,0.44
Waldo,ME,1533828000,1.79
Screven,GA,301279000,-0.2
Stanton,KS,187303000,1.91
McKean,PA,1629854000,0.67
Hertford,NC,846174000,0.79
Owyhee,ID,445220000,2.35
Berks,PA,20939523000,1.21
Montgomery + Radford,VA,6050976000,1.69
Hanover,VA,6762622000,2.1
Pamlico,NC,300047000,0.68
Sharkey,MS,104614000,-0.94
Ascension,LA,9397317000,3.51
Warren,GA,166457000,0.51
St. Lucie,FL,12048037000,3.21
Morgan,CO,1561979000,0.69
Frederick,MD,15401837000,2.46
Beltrami,MN,1910450000,1.64
Cannon,TN,335016000,2.82
Greene,GA,907410000,3.19
Harrison,WV,4748951000,2.15
Emanuel,GA,700790000,0.82
Centre,PA,9098449000,1.9
Duplin,NC,2114639000,-0.51
Runnels,TX,327446000,0.11
Morton,ND,1362876000,2.04
Cass,IL,694219000,1.08
Cass,IN,1485297000,0.55
Tuscarawas,OH,3855062000,1.17
Ellsworth,KS,281763000,1.43
Kerr,TX,2474023000,2.43
Caledonia,VT,1187883000,0.78
Lackawanna,PA,10398150000,1.07
Cass,IA,726514000,2.08
Olmsted,MN,12632373000,2.87
Cherokee,KS,834410000,2.21
Baraga,MI,300212000,0.53
Charlotte,VA,291665000,0.58
Houston,AL,5971112000,1.61
Warren,KY,8637440000,3.36
Mifflin,PA,1776266000,1.5
Will,IL,37664561000,2.84
Cass,NE,866098000,2.18
Cass,ND,14144093000,3.24
Greene,AR,1772854000,2.33
Greene,AL,216280000,-1.51
Henry + Martinsville,VA,2300927000,-0.18
Daniels,MT,97576000,0.74
Saline,IL,810808000,-1.42
Wheeler,GA,114918000,0.72
Horry,SC,16167397000,2.87
Iowa,WI,1239608000,0.86
Morgan,GA,1045856000,3.09
Lanier,GA,137073000,0.37
McCone,MT,82820000,0.24
Cherokee,NC,843153000,0.61
Harrison,TX,4379512000,2.42
Morton,KS,151360000,-0.5
Hampton,SC,501425000,-0.1
King George,VA,2230476000,2.64
Pinellas,FL,60134522000,1.75
Cherokee,OK,1429338000,1.9
Winona,MN,2301208000,1.11
Waupaca,WI,1915129000,0.59
Stanton,NE,419877000,4.58
Dodge,GA,412479000,-0.56
Andrews,TX,4128580000,5.38
Stoddard,MO,1058173000,0.86
Lunenburg,VA,255341000,0.02
Midland,MI,6344935000,1.03
El Paso,CO,42588082000,2.27
Yankton,SD,1447160000,2.3
Cass,MO,3032459000,1.93
Morgan,IL,1499477000,0.11
Morgan,IN,1989762000,1.61
Haines Borough,AK,102682000,0.81
Geauga,OH,4358286000,1.09
Warren,IA,1435070000,2.84
Bingham,ID,1633289000,1.62
Warren,IL,854586000,2.05
Warren,IN,283351000,2.12
Dickinson,MI,1369976000,0.59
Cass,MI,1588802000,1.77
Charles Mix,SD,471756000,0.9
Saline,KS,2951984000,0.69
Cass,MN,1053009000,0.86
Greene,MO,18534513000,1.66
Mills,TX,305403000,3.96
Mississippi,MO,323478000,-0.26
Dutchess,NY,14979887000,1.65
Twiggs,GA,229967000,-1.87
Warren,PA,1309620000,-0.17
Pinal,AZ,11485897000,4.11
Atoka,OK,350190000,2.04
Hamilton,FL,588042000,2.09
Greene,NC,433348000,0.5
Valencia,NM,1784303000,2.04
Carroll + Galax,VA,942391000,-0.28
Greene,MS,183330000,0.85
Esmeralda,NV,40965000,-0.32
Kennebec,ME,6534809000,1.15
Warren,NY,5068240000,2.29
Gilmer,WV,184225000,0.94
Limestone,AL,5181859000,3.39
Nye,NV,1904930000,2.44
Collin,TX,87862787000,6.74
Canyon,ID,8412247000,3.47
Ozaukee,WI,5573300000,1.43
Warren,OH,14284439000,3.92
Cherokee,AL,599214000,1.61
Pontotoc,MS,938689000,1.07
Saluda,SC,440581000,0.51
Harrison,OH,1098560000,5.98
Barry,MO,1588323000,1.4
Choctaw,OK,425826000,-0.18
Warren,NC,296361000,-0.44
Faulkner,AR,4414444000,2.75
Baxter,AR,1697626000,2.14
Greene,OH,11225906000,2.4
Warren,NJ,4654374000,0.24
Ontario,NY,6448569000,1.02
Victoria,TX,4842038000,1.02
Dinwiddie,Colonial Heights + Petersburg,3132880000,0.47
Greene,PA,3571751000,1.42
Wasco,OR,1835697000,2.59
Rowan,KY,821901000,1.25
Barry,MI,1704288000,1.54
Moore,NC,4384297000,2.06
Culpeper,VA,2035967000,1.96
Placer,CA,27022666000,3.36
Hamilton,IA,788053000,0.8
Choctaw,MS,672920000,5.27
Hamilton,IN,23231110000,3.71
Hamilton,IL,307036000,3.19
Frontier,NE,132711000,0.97
Greene,NY,2474797000,2.52
Warren,MS,2434014000,0.47
Sabine,LA,1064109000,4.53
Graham,NC,228900000,0.0
Warren,MO,890041000,2.1
Greene,IL,320177000,0.12
Greene,IN,663129000,0.14
Kittson,MN,211484000,1.18
Broadwater,MT,210880000,3.17
Starke,IN,561117000,1.57
Harrison,MO,243180000,-0.01
Greene,IA,514357000,2.69
Harrison,MS,9741404000,0.51
Murray,MN,496383000,2.26
Cheboygan,MI,677824000,-0.12
Dodge,MN,794032000,2.08
Bottineau,ND,459902000,3.9
Warren,TN,1459788000,1.6
Scurry,TX,1631028000,2.5
Marshall,AL,3873554000,1.64
Barbour,WV,481017000,3.0
Anoka,MN,15877005000,2.02
Guernsey,OH,2826208000,4.2
White Pine,NV,613339000,1.8
Moore,TN,539662000,5.84
Saline,AR,3072144000,2.84
Bexar,TX,121391325000,2.78
Poweshiek,IA,1215623000,1.9
Moore,TX,3294078000,2.36
Hamilton,KS,216527000,1.31
Plumas,CA,1035904000,0.66
Cass,TX,1115529000,0.93
Tooele,UT,2262344000,2.55
Cherokee,GA,9564427000,4.12
Ransom,ND,325710000,2.08
Reeves,TX,11630083000,16.25
Nuckolls,NE,331762000,3.41
Vanderburgh,IN,11755123000,0.76
Rappahannock,VA,306185000,3.11
Fairfield,CT,96598373000,0.54
Preble,OH,1205610000,0.56
Murray,OK,583952000,2.8
Harrison,KY,535178000,0.35
Dawes,NE,285030000,0.66
West Carroll,LA,176848000,-1.11
Woodruff,AR,314387000,1.68
Iosco,MI,958526000,1.39
Logan,WV,1386959000,0.37
Owsley,KY,56263000,-0.04
Dodge,NE,2382098000,2.1
Peoria,IL,13248830000,1.36
Muscogee,GA,10668407000,0.78
Morgan,AL,6409604000,1.52
Bienville,LA,658673000,-2.64
McDowell,WV,532973000,-0.41
